推广团  (AWE) , /tœy˥.ɡɔːŋ˧˥.tyːn˨˩/ , cantonese
伴  (AWE) , /buːn˨/ , cantonese
投诉  (AWE) , /tɐu˨˩.sou˧/ , cantonese
九寨沟  (AWE) , /ɡɐu˧˥.dzaːĭ˨.kɐu˥/ , cantonese
四季如春  (AWE) , /sei˧.ɡʷɐi˧.jyː˨˩.tsœːn˥/ , cantonese
千四  (AWE) , /tsiːn˥.sei˧/ , cantonese
嘛  (AWE) , /maː˧/ , cantonese
啦  (AWE) , /laː˥/ , cantonese
啦  (AWE) , /laː˥/ , cantonese
啦  (AWE) , /laː˥/ , cantonese
有  (AWE) , /jɐu˩˧/ , cantonese
南国旅  (AWE) , /laːm˨˩.ɡɔːk˧.lœy˩˧/ , cantonese
唉  (AWE) , /aːĭ˥/ , cantonese
千四  (AWE) , /tsiːn˥.sei˧/ , cantonese
三清山  (AWE) , /saːm˥.tsɛːŋ˥.saːn˥/ , cantonese
扮嗮野  (AWE) , /baːn˨.saːĭ˧.jɛː˩˧/ , cantonese
九寨沟  (AWE) , /ɡɐu˧˥.dzaːĭ˨.kɐu˥/ , cantonese
哦  (AWE) , /ɔː˥/ , cantonese
九寨沟  (AWE) , /ɡɐu˧˥.dzaːĭ˨.kɐu˥/ , cantonese
玉龙雪山  (AWE) , /jyːk˨.luːŋ˨˩.syːt˧.saːn˥/ , cantonese
双黄  (AWE) , /sœːŋ˥.wɔːŋ˨˩/ , cantonese
南国旅  (AWE) , /laːm˨˩.ɡɔːk˧.lœy˩˧/ , cantonese
细声  (AWE) , /sɐi˧.sɛːŋ˥/ , cantonese
听得  (AWE) , /tɛːŋ˥.dɐk˥/ , cantonese
断断续续  (AWE) , /tyːn˩˧.tyːn˩˧.dzuːk˨.dzuːk˨/ , cantonese
玉龙雪山  (AWE) , /jyːk˨.luːŋ˨˩.syːt˧.saːn˥/ , cantonese
咯  (AWE) , /lɔː˥/ , cantonese
时间  (AWE) , /siː˨˩.ɡaːn˧/ , cantonese
震到  (AWE) , /dzɐn˧.dou˧/ , cantonese
南国旅  (AWE) , /laːm˨˩.ɡɔːk˧.lœy˩˧/ , cantonese
啦  (AWE) , /laː˥/ , cantonese
青岛  (AWE) , /tsɛːŋ˥.dou˧˥/ , cantonese
听到  (AWE) , /tɛːŋ˥.dou˧˥/ , cantonese
啦  (AWE) , /laː˥/ , cantonese
旅行团  (AWE) , /lœy˩˧.hɐŋ˨˩.tyːn˨˩/ , cantonese
叫  (AWE) , /ɡiʊ˧/ , cantonese
果啲  (AWE) , /ɡɔː˧˥.diː˥/ , cantonese
青岛  (AWE) , /tsɛːŋ˥.dou˧˥/ , cantonese
训觉  (AWE) , /fɐn˧.ɡɔːk˧/ , cantonese
九寨沟  (AWE) , /ɡɐu˧˥.dzaːĭ˨.kɐu˥/ , cantonese
啊  (AWE) , /aː˥/ , cantonese
南国旅  (AWE) , /laːm˨˩.ɡɔːk˧.lœy˩˧/ , cantonese
想  (AWE) , /sœːŋ˧˥/ , cantonese
门票  (AWE) , /muːn˨˩.piʊ˧/ , cantonese
畀  (AWE) , /bei˧˥/ , cantonese
啊  (AWE) , /aː˥/ , cantonese
啊  (AWE) , /aː˥/ , cantonese
嘛  (AWE) , /maː˧/ , cantonese
九寨沟  (AWE) , /ɡɐu˧˥.dzaːĭ˨.kɐu˥/ , cantonese
广先  (AWE) , /ɡɔːŋ˧˥.siːn˥/ , cantonese
妄求  (AWE) , /mɔːŋ˩˧.kɐu˨˩/ , cantonese
二十八号  (AWE) , /jiː˨.aː˨.baːt˧.hou˧˥/ , cantonese
包住  (AWE) , /baːŭ˥.dzyː˨/ , cantonese
银纸  (AWE) , /ɐn˨˩.dziː˧˥/ , cantonese
风光  (AWE) , /fuːŋ˥.ɡɔːŋ˥/ , cantonese
十二  (AWE) , /sɐp˨.jiː˨/ , cantonese
山西  (AWE) , /saːn˥.sɐi˥/ , cantonese
四川  (AWE) , /sei˧.tsyːn˥/ , cantonese
广先  (AWE) , /ɡɔːŋ˧˥.siːn˥/ , cantonese
南国旅  (AWE) , /laːm˨˩.ɡɔːk˧.lœy˩˧/ , cantonese
喂  (AWE) , /wɐi˧/ , cantonese
火车  (AWE) , /fɔː˧˥.tsɛː˥/ , cantonese
导游费  (AWE) , /dou˨.jɐu˨˩.fɐi˧/ , cantonese
要求  (AWE) , /jiʊ˥.kɐu˨˩/ , cantonese
哦  (AWE) , /ɔː˥/ , cantonese
去到  (AWE) , /hœy˧.dou˧/ , cantonese
你  (AWE) , /lei˩˧/ , cantonese
蚊  (AWE) , /mɐn˥/ , cantonese
火车  (AWE) , /fɔː˧˥.tsɛː˥/ , cantonese
二十三  (AWE) , /jiː˨.aː˨.saːm˥/ , cantonese
麻麻地  (AWE) , /maː˨˩.maː˧˥.dei˩˧/ , cantonese
广州人  (AWE) , /ɡɔːŋ˧˥.dzɐu˥.jɐn˨˩/ , cantonese
辛苦  (AWE) , /sɐn˥.fuː˧˥/ , cantonese
啊  (AWE) , /aː˥/ , cantonese
云南  (AWE) , /wɐn˨˩.laːm˨˩/ , cantonese
机场  (AWE) , /ɡei˥.tsœːŋ˨˩/ , cantonese
听到  (AWE) , /tɛːŋ˥.dou˧˥/ , cantonese
包食  (AWE) , /baːŭ˥.siːk˨/ , cantonese
自己  (AWE) , /dziː˨.ɡei˧˥/ , cantonese
听到  (AWE) , /tɛːŋ˥.dou˧˥/ , cantonese
九寨沟  (AWE) , /ɡɐu˧˥.dzaːĭ˨.kɐu˥/ , cantonese
云南  (AWE) , /wɐn˨˩.laːm˨˩/ , cantonese
包住  (AWE) , /baːŭ˥.dzyː˨/ , cantonese
当地  (AWE) , /dɔːŋ˥.dei˨/ , cantonese
导游  (AWE) , /dou˨.jɐu˨˩/ , cantonese
野  (AWE) , /jɛː˩˧/ , cantonese
啊  (AWE) , /aː˥/ , cantonese
果啲  (AWE) , /ɡɔː˧˥.diː˥/ , cantonese
去  (AWE) , /hœy˧/ , cantonese
品牌  (AWE) , /bɐn˧˥.paːĭ˨˩/ , cantonese
三清山  (AWE) , /saːm˥.tsɛːŋ˥.saːn˥/ , cantonese
工程  (AWE) , /ɡuːŋ˥.tsiːŋ˨˩/ , cantonese
咋  (AWE) , /dzaː˥/ , cantonese
导游费  (AWE) , /dou˨.jɐu˨˩.fɐi˧/ , cantonese
广之旅  (AWE) , /ɡɔːŋ˧˥.dziː˥.lœy˩˧/ , cantonese
广先  (AWE) , /ɡɔːŋ˧˥.siːn˥/ , cantonese
去  (AWE) , /hœy˧/ , cantonese
喂  (AWE) , /wɐi˧/ , cantonese
果啲  (AWE) , /ɡɔː˧˥.diː˥/ , cantonese
喔  (AWE) , /wɔː˧/ , cantonese
都  (AWE) , /dou˥/ , cantonese
飞机  (AWE) , /fei˥.ɡei˥/ , cantonese
难听  (AWE) , /laːn˨.tɛːŋ˥/ , cantonese
唔  (AWE) , /m˨˩/ , cantonese
民族  (AWE) , /mɐn˨˩.dzuːk˨/ , cantonese
啊  (AWE) , /aː˥/ , cantonese
畅游  (AWE) , /tsœːŋ˧.jɐu˨˩/ , cantonese
辛苦  (AWE) , /sɐn˥.fuː˧˥/ , cantonese
我  (AWE) , /ɔː˩˧/ , cantonese
少少  (AWE) , /siʊ˧˥.siʊ˧˥/ , cantonese
去唔去  (AWE) , /hœy˧.m˨˩.hœy˧/ , cantonese
年头  (AWE) , /liːn˨˩.tɐu˨˩/ , cantonese
麻麻地  (AWE) , /maː˨˩.maː˧˥.dei˩˧/ , cantonese
左  (AWE) , /dzɔː˧˥/ , cantonese
真系  (AWE) , /dzɐn˥.hɐi˨/ , cantonese
啊  (AWE) , /aː˥/ , cantonese
ঘৰতগৈ  (AWE) , /ɡʰɔ.rɔ.tɔ.ɡoi/ , assamese
গৈছো  (AWE) , /ɡoi.sʊ/ , assamese
ধুইছো  (AWE) , /dʰu.i.sʊ/ , assamese
বনাব  (AWE) , /bɔ.nab/ , assamese
আহিছে  (AWE) , /a.hi.sɛ/ , assamese
নবনাও  (AWE) , /nɔ.bɔ.na.o/ , assamese
চাউলকেইটা  (AWE) , /sa.u.lɔ.kɛ.i.ta/ , assamese
বজাৰত  (AWE) , /bɔ.za.rɔt/ , assamese
কৈছো  (AWE) , /koi.sʊ/ , assamese
খবৰতো  (AWE) , /kʰɔ.bɔ.rɔ.tʊ/ , assamese
চাউলকেইটা  (AWE) , /sa.u.lɔ.kɛ.i.ta/ , assamese
বজাৰত  (AWE) , /bɔ.za.rɔt/ , assamese
খবৰ  (AWE) , /kʰɔ.bɔr/ , assamese
এতোটা  (AWE) , /æ.to.ʈa/ , bengali
এ্যা  (AWE) , /æ/ , bengali
কে  (AWE) , /ke/ , bengali
হ্যাঁ  (AWE) , /hæ̃/ , bengali
হ্যাঁ  (AWE) , /hæ̃/ , bengali
হ্যাঁ  (AWE) , /hæ̃/ , bengali
এ্যা  (AWE) , /æ/ , bengali
আসিতেছে  (AWE) , /a.ʃi.te.t̠ʃʰe/ , bengali
চালাচ্ছে  (AWE) , /t̠ʃa.lat̠ʃ.t̠ʃʰe/ , bengali
হ্যাঁ  (AWE) , /hæ̃/ , bengali
মনে  (AWE) , /mo.ne/ , bengali
হ্যাঁ  (AWE) , /hæ̃/ , bengali
হ্যাঁ  (AWE) , /hæ̃/ , bengali
শুক্রবার  (AWE) , /ʃu.kro.bar/ , bengali
হ্যাঁ  (AWE) , /hæ̃/ , bengali
হ্যাঁ  (AWE) , /hæ̃/ , bengali
সবজি  (AWE) , /ʃob.d̠ʒi/ , bengali
হ্যাঁ  (AWE) , /hæ̃/ , bengali
সবজি  (AWE) , /ʃob.d̠ʒi/ , bengali
হ্যাঁ  (AWE) , /hæ̃/ , bengali
আছে  (AWE) , /a.t̠ʃʰe/ , bengali
হ্যাঁ  (AWE) , /hæ̃/ , bengali
করিস  (AWE) , /ko.riʃ/ , bengali
শিখছে  (AWE) , /ʃikʰ.t̠ʃʰe/ , bengali
বলবো  (AWE) , /bol.bo/ , bengali
হ্যালো  (AWE) , /hæ.lo/ , bengali
হাঁ  (AWE) , /hã/ , bengali
সবজি  (AWE) , /ʃob.d̠ʒi/ , bengali
তারপরে  (AWE) , /tar.pɔ.re/ , bengali
আছেন  (AWE) , /a.t̠ʃʰen/ , bengali
সবজি  (AWE) , /ʃob.d̠ʒi/ , bengali
কন  (AWE) , /kɔn/ , bengali
করেন  (AWE) , /kɔ.ren/ , bengali
ভ্যাঁ  (AWE) , /bʰæ̃/ , bengali
কোটে  (AWE) , /ko.ʈe/ , bengali
করিস  (AWE) , /ko.riʃ/ , bengali
হ্যাঁ  (AWE) , /hæ̃/ , bengali
হ্যাঁ  (AWE) , /hæ̃/ , bengali
তারপরে  (AWE) , /tar.pɔ.re/ , bengali
হ্যাঁ  (AWE) , /hæ̃/ , bengali
হ্যাঁ  (AWE) , /hæ̃/ , bengali
সবজি  (AWE) , /ʃob.d̠ʒi/ , bengali
কদ্দিনে  (AWE) , /kɔd.di.ne/ , bengali
আরেকটা  (AWE) , /a.rek.ʈa/ , bengali
না  (AWE) , /na/ , bengali
কন  (AWE) , /kɔn/ , bengali
দিবে  (AWE) , /di.be/ , bengali
হ্যাঁ  (AWE) , /hæ̃/ , bengali
শুনছো  (AWE) , /ʃun.t̠ʃʰo/ , bengali
সাইকেল  (AWE) , /sa.i.kel/ , bengali
কদ্দিনে  (AWE) , /kɔd.di.ne/ , bengali
হ্যাঁ  (AWE) , /hæ̃/ , bengali
গেছে  (AWE) , /ɡæ.t̠ʃʰe/ , bengali
পন  (AWE) , /pɔn/ , bengali
হ্যাঁ  (AWE) , /hæ̃/ , bengali
করি  (AWE) , /ko.ri/ , bengali
নানা  (AWE) , /na.na/ , bengali
কন  (AWE) , /kɔn/ , bengali
দে  (AWE) , /de/ , bengali
হ্যাঁ  (AWE) , /hæ̃/ , bengali
বেহায়া  (AWE) , /be.ha.e.a/ , bengali
কন  (AWE) , /kɔn/ , bengali
তাইতো  (AWE) , /ta.i.to/ , bengali
বলেন  (AWE) , /bɔ.len/ , bengali
په  (AWE) , /ˈpə/ , pashto
انجینیرنګ  (AWE) , /en.d̠ʒi.ne.ˈɾeŋɡ/ , pashto
شې  (AWE) , /ˈʃe/ , pashto
باران  (AWE) , /bɑ.ˈɾɑn/ , pashto
چې  (AWE) , /ˈt̠ʃe/ , pashto
کالج‌مالج  (AWE) , /kɑ.ˈləd̠ʒ mɑ.ˈləd̠ʒ/ , pashto
انجینیرنګ  (AWE) , /en.d̠ʒi.ne.ˈɾeŋɡ/ , pashto
بیمارېږي  (AWE) , /biː.mɑ.ˈɾe.ʒiː/ , pashto
هو  (AWE) , /ˈho/ , pashto
پرون  (AWE) , /pa.ˈɾuːn/ , pashto
وایه  (AWE) , /ˈwɑ.ja/ , pashto
سکول‌مسکول  (AWE) , /ˈskuːl ma.ˈskuːl/ , pashto
بجلي‌مجلي  (AWE) , /bed̠ʒ.ˈliː med̠ʒ.ˈliː/ , pashto
هو  (AWE) , /ˈho/ , pashto
پرېوته  (AWE) , /ˈpɾe.wa.ta/ , pashto
هو  (AWE) , /ˈho/ , pashto
ځې  (AWE) , /ˈdze/ , pashto
وعلیکم  (AWE) , /wɑ.ˈlaj.kum/ , pashto
هغه  (AWE) , /ha.ˈɣə/ , pashto
انجنیر  (AWE) , /en.d̠ʒe.ˈnjaɾ/ , pashto
سړي  (AWE) , /sa.ˈɽiː/ , pashto
دی  (AWE) , /ˈdaj/ , pashto
وي  (AWE) , /ˈwiː/ , pashto
lazımmış  (AWE) , /la.ˈzɨm.mɨʃ/ , turkish
öyleymiş  (AWE) , /øj.ˈlej.miʃ/ , turkish
müsaitse  (AWE) , /my.sa.it.ˈse/ , turkish
hı  (AWE) , /ˈhɨ/ , turkish
konuşamıyorsun  (AWE) , /ko.nu.ˈʃa.mɨ.jon/ , turkish
milyonmuş  (AWE) , /mil.jon.ˈmuʃ/ , turkish
Avusturalya'dan  (AWE) , /a.wus.tu.raɫ.ja.ˈdan/ , turkish
yarın  (AWE) , /ˈja.rɨn/ , turkish
nişanlanmış  (AWE) , /ni.ʃan.ɫan.ˈmɨʃ/ , turkish
Avusturya'dan  (AWE) , /a.wus.ˈtur.ja.dan/ , turkish
görünüyor  (AWE) , /ɟø.ry.ˈny.joɽ/ , turkish
kaçırma  (AWE) , /ka.ˈt̠ʃɨr.ma/ , turkish
arayamazsın  (AWE) , /a.ra.ja.ˈmaz.sɨn/ , turkish
hoşlanmadım  (AWE) , /hoʃ.ɫan.ma.ˈdɨm/ , turkish
otobüstesin  (AWE) , /o.to.bys.te.ˈsin/ , turkish
hı  (AWE) , /ˈhɨ/ , turkish
anladım  (AWE) , /an.ɫa.ˈdɨm/ , turkish
uğraşıyorsun  (AWE) , /uː.ra.ˈʃɨ.jon/ , turkish
arayamayacaksın  (AWE) , /a.rɨ.ˈja.mɨj.d̠ʒak.sɨn/ , turkish
hayatında  (AWE) , /ha.jaː.tɨn.ˈda/ , turkish
olumsuz  (AWE) , /o.ɫum.ˈsuz/ , turkish
anladım  (AWE) , /an.ɫa.ˈdɨm/ , turkish
hasta  (AWE) , /has.ˈta/ , turkish
yapıyorsun  (AWE) , /ja.ˈpɨ.jon/ , turkish
telefon  (AWE) , /te.le.ˈfon/ , turkish
anladım  (AWE) , /an.ɫa.ˈdɨm/ , turkish
anladım  (AWE) , /an.ɫa.ˈdɨm/ , turkish
numaradan  (AWE) , /nu.ma.ra.ˈdan/ , turkish
uğraştım  (AWE) , /uː.ˈraʃ.tɨm/ , turkish
bilmiyorum  (AWE) , /ˈbil.mi.jom/ , turkish
hayırdır  (AWE) , /ha.ˈjɨr.dɨɽ/ , turkish
anneme  (AWE) , /an.ne.ˈme/ , turkish
yani  (AWE) , /jaː.ˈni/ , turkish
şaşıyorum  (AWE) , /ʃa.ˈʃɨ.jom/ , turkish
istiyorsan  (AWE) , /is.ˈti.jo.san/ , turkish
işleri  (AWE) , /iʃ.le.ˈri/ , turkish
hayatında  (AWE) , /ha.jaː.tɨn.ˈda/ , turkish
düşünüyorsun  (AWE) , /dy.ʃy.ˈny.jon/ , turkish
otobüstesin  (AWE) , /o.to.bys.te.ˈsin/ , turkish
Allah  (AWE) , /aɫ.ˈɫa/ , turkish
olman  (AWE) , /oɫ.ˈman/ , turkish
anketleri  (AWE) , /an.cet.le.ˈri/ , turkish
arayamayacaksın  (AWE) , /a.rɨ.ˈja.mɨj.d̠ʒak.sɨn/ , turkish
konuşamam  (AWE) , /ko.nu.ˈʃa.mam/ , turkish
arayabilir  (AWE) , /a.ra.ja.bi.ˈliɽ/ , turkish
istiyorsan  (AWE) , /is.ˈti.jo.san/ , turkish
ineceksin  (AWE) , /i.ni.d̠ʒec.ˈsin/ , turkish
kapatıyor  (AWE) , /ka.pa.ˈtɨ.joɽ/ , turkish
sağlığına  (AWE) , /saː.ɫɨː.ˈna/ , turkish
ablam  (AWE) , /ab.ˈɫam/ , turkish
yurt  (AWE) , /ˈjurt/ , turkish
eğer  (AWE) , /e.ˈjeɽ/ , turkish
bağlanıyorum  (AWE) , /baː.ɫa.ˈnɨ.jom/ , turkish
konuşmamız  (AWE) , /ko.nuʃ.ma.ˈmɨz/ , turkish
anladım  (AWE) , /an.ɫa.ˈdɨm/ , turkish
anlayacağın  (AWE) , /an.ɫa.ja.ˈd̠ʒaːn/ , turkish
kadarıyla  (AWE) , /ka.da.ˈrɨj.ɫa/ , turkish
aramıyorum  (AWE) , /a.ˈra.mɨ.jom/ , turkish
konuşuyormuş  (AWE) , /ko.nu.ˈʃu.jor.muʃ/ , turkish
konuşamaz  (AWE) , /ko.nu.ʃa.ˈmaz/ , turkish
arayamazlar  (AWE) , /a.ra.ˈja.maz.ɫaɽ/ , turkish
istersen  (AWE) , /is.ˈter.sen/ , turkish
değişik  (AWE) , /deː.ji.ˈʃic/ , turkish
annene  (AWE) , /an.ne.ˈne/ , turkish
diyecektim  (AWE) , /di.ji.d̠ʒec.ˈtim/ , turkish
çekiyor  (AWE) , /t̠ʃe.ˈci.joɽ/ , turkish
çekmiyor  (AWE) , /ˈt̠ʃec.mi.joɽ/ , turkish
otomatikman  (AWE) , /o.to.ma.tic.ˈman/ , turkish
konuşayım  (AWE) , /ko.nu.ˈʃa.jɨm/ , turkish
anlamadım  (AWE) , /an.ˈɫa.ma.dɨm/ , turkish
uğraşamam  (AWE) , /uː.ra.ʃa.ˈmam/ , turkish
istiyorsan  (AWE) , /is.ˈti.jo.san/ , turkish
alabiliyor  (AWE) , /a.ˈɫa.bi.li.joɽ/ , turkish
verebiliyor  (AWE) , /we.ˈre.bi.li.joɽ/ , turkish
yapabilirsin  (AWE) , /ja.pa.bi.ˈlir.sin/ , turkish
Miray'ı  (AWE) , /mi.ra.ˈjɨ/ , turkish
yaramaz  (AWE) , /ja.ra.ˈmaz/ , turkish
bakalım  (AWE) , /ba.ka.ˈɫɨm/ , turkish
biliyorsan  (AWE) , /bi.ˈli.jo.san/ , turkish
niçin  (AWE) , /ni.ˈt̠ʃin/ , turkish
daha  (AWE) , /da.ˈa/ , turkish
dedin  (AWE) , /ˈde.din/ , turkish
kanka  (AWE) , /kan.ˈca/ , turkish
neyse  (AWE) , /nej.ˈse/ , turkish
yani  (AWE) , /jaː.ˈni/ , turkish
yoksa  (AWE) , /ˈjok.sa/ , turkish
ablanla  (AWE) , /ab.ˈɫan.ɫa/ , turkish
serbest  (AWE) , /ser.ˈbest/ , turkish
böyle  (AWE) , /ˈbøj.le/ , turkish
kanka  (AWE) , /kan.ˈca/ , turkish
kanka  (AWE) , /kan.ˈca/ , turkish
yoksa  (AWE) , /ˈjok.sa/ , turkish
alo  (AWE) , /a.ˈɫo/ , turkish
değilsin  (AWE) , /deː.jil.ˈsin/ , turkish
naka-text  (AWE) , /nɐ.kɐ.ˈtekst/ , tagalog
taga-Tubaan  (AWE) , /tɐ.ɡɐ.tu.bɐ.ˈʔan/ , tagalog
graduate  (AWE) , /ˈɡra.d̠ʒu.weit/ , tagalog
picture  (AWE) , /ˈpɪ.t̠ʃər/ , tagalog
joke  (AWE) , /ˈd̠ʒok/ , tagalog
hek-hek  (AWE) , /ˈhek.hek/ , tagalog
picture  (AWE) , /ˈpɪ.t̠ʃər/ , tagalog
Jester  (AWE) , /ˈd̠ʒɛs.tər/ , tagalog
minsan  (AWE) , /ˈmin.san/ , tagalog
taga-National  (AWE) , /tɐ.ɡɐ.ˈna.ʃo.nal/ , tagalog
hindi  (AWE) , /ʔin.ˈdiʔ/ , tagalog
baboy  (AWE) , /ˈba.boɪ/ , tagalog
Facebook  (AWE) , /ˈpeis.buk/ , tagalog
dito  (AWE) , /ˈdi.tu/ , tagalog
wala  (AWE) , /ʔɐ.ˈlaʔ/ , tagalog
tinitingnan  (AWE) , /ti.ˌni.tiŋ.ˈnan/ , tagalog
ikaw  (AWE) , /ʔi.ˈkaʊ/ , tagalog
nag-status  (AWE) , /nɐɡ.ʔis.ˈta.tus/ , tagalog
maybe  (AWE) , /ˈmei.bi/ , tagalog
naghihintay  (AWE) , /nɐɡ.ˌhi.hin.ˈtaɪ/ , tagalog
alangan  (AWE) , /ʔɐ.lɐ.ˈŋan/ , tagalog
Jasper  (AWE) , /ˈd̠ʒæs.pər/ , tagalog
marinig  (AWE) , /mɐ.ri.ˈneɡ/ , tagalog
ha  (AWE) , /ˈʔa/ , tagalog
nag-change  (AWE) , /nɐɡ.ˈt̠ʃeind̠ʒ/ , tagalog
advises  (AWE) , /ʔɐd.ˈbaɪ.ses/ , tagalog
ka-graduate  (AWE) , /kɐ.ˈɡra.d̠ʒu.weit/ , tagalog
wow  (AWE) , /ˈwaʊ/ , tagalog
classmate  (AWE) , /ˈklæs.meit/ , tagalog
bihira  (AWE) , /bi.ˈhi.raʔ/ , tagalog
April  (AWE) , /ˈʔei.prɪl/ , tagalog
siguro  (AWE) , /si.ˈɡu.ro/ , tagalog
mga  (AWE) , /mɐ.ˈŋaʔ/ , tagalog
ha  (AWE) , /ˈʔa/ , tagalog
pinakita  (AWE) , /pi.nɐ.ˈki.ta/ , tagalog
lang  (AWE) , /ˈla.ʔaŋ/ , tagalog
kulang  (AWE) , /ˈku.laŋ/ , tagalog
oras  (AWE) , /ˈʔo.ras/ , tagalog
pangit  (AWE) , /ˈpa.ŋet/ , tagalog
loko-loko  (AWE) , /lu.ˌku.lu.ˈko/ , tagalog
mhm  (AWE) , /ʔəm.ˌhəm/ , tagalog
'kaw  (AWE) , /ˈkaʊ/ , tagalog
kagabi  (AWE) , /kɐ.ɡɐ.ˈbe/ , tagalog
bata  (AWE) , /ˈba.taʔ/ , tagalog
ano  (AWE) , /ʔɐ.ˈnu/ , tagalog
pa  (AWE) , /ˈpa/ , tagalog
marinig  (AWE) , /mɐ.ri.ˈneɡ/ , tagalog
barkada  (AWE) , /bɐr.ˈka.da/ , tagalog
daw  (AWE) , /ˈdaʊ/ , tagalog
birthday  (AWE) , /ˈbert.dei/ , tagalog
klase  (AWE) , /ˈkla.se/ , tagalog
matanda  (AWE) , /mɐ.tɐn.ˈdaʔ/ , tagalog
March  (AWE) , /ˈmɑrt̠ʃ/ , tagalog
gi-accept  (AWE) , /ɡi.ʔɐ.ˈsep/ , tagalog
mga  (AWE) , /mɐ.ˈŋaʔ/ , tagalog
lumabas  (AWE) , /lu.mɐ.ˈbas/ , tagalog
oo  (AWE) , /ˈʔo/ , tagalog
profile  (AWE) , /ˈpro.paɪl/ , tagalog
treatment  (AWE) , /ˈtrit.mənt/ , tagalog
Dex  (AWE) , /ˈdɛks/ , tagalog
profile  (AWE) , /ˈpro.paɪl/ , tagalog
giadto  (AWE) , /ɡi.ʔɐd.ˈtoʔ/ , tagalog
hello  (AWE) , /hɛ.ˈlou/ , tagalog
kay  (AWE) , /ˈke/ , tagalog
profile  (AWE) , /ˈpro.paɪl/ , tagalog
si  (AWE) , /ˈsi/ , tagalog
ay  (AWE) , /ˈʔɐi/ , tagalog
ha  (AWE) , /ˈʔa/ , tagalog
atin  (AWE) , /ˈʔa.ten/ , tagalog
ay  (AWE) , /ˈʔɐi/ , tagalog
kumusta  (AWE) , /ku.mus.ˈta/ , tagalog
daw  (AWE) , /ˈdaʊ/ , tagalog
matakot  (AWE) , /mɐ.ˈta.kot/ , tagalog
ano-ano  (AWE) , /ʔɐ.ˌnu.ʔɐ.ˈno/ , tagalog
lang  (AWE) , /ˈla.ʔaŋ/ , tagalog
ayoko  (AWE) , /ʔɐ.ˈjo.ku/ , tagalog
nabasa  (AWE) , /nɐ.bɐ.ˈsaʔ/ , tagalog
மறக்கிறது  (AWE) , /ma.ɾak.ki.ɾa.tu/ , tamil
அப்டிப்பட்டவரா  (AWE) , /ap.ʈip.paʈ.ʈa.ʋa.ɾaː/ , tamil
லிப்ஸ்டிக்  (AWE) , /lips.ʈik/ , tamil
மதியானாமா  (AWE) , /ma.ti.jaː.naː.maː/ , tamil
வந்துட்டாங்க  (AWE) , /ʋan.tuʈ.ʈaːŋ.ka/ , tamil
கெத்தாடி  (AWE) , /ket.taː.ʈi/ , tamil
ஐய்யய்யோ  (AWE) , /aij.jai.joː/ , tamil
சொல்லிட்டேன்  (AWE) , /t̠ʃol.liʈ.ʈeːn/ , tamil
போயிட்டிருக்கேன்  (AWE) , /poː.jiʈ.ʈi.ɾuk.keːn/ , tamil
வரமாட்டேன்ட்டாரு  (AWE) , /ʋa.ɾa.maːʈ.ʈeːnʈ.ʈaː.ɾu/ , tamil
வாங்காதடினு  (AWE) , /ʋaːŋ.kaː.ta.ʈi.nu/ , tamil
ஆத்துக்காருக்கு  (AWE) , /aːt.tuk.kaː.ɾuk.ku/ , tamil
வேண்டியதான  (AWE) , /ʋeːɳ.ʈi.ja.taː.na/ , tamil
ஒத்துப்பியா  (AWE) , /ot.tup.pi.jaː/ , tamil
பத்துரூபானு  (AWE) , /pat.tu.ɾuː.paː.nu/ , tamil
போய்ட்ருக்கேனா  (AWE) , /poːjʈ.ɾuk.keː.naː/ , tamil
அப்டியா  (AWE) , /ap.ʈi.jaː/ , tamil
சாப்டியா  (AWE) , /saːp.ʈi.jaː/ , tamil
எல்லாமே  (AWE) , /el.laː.meː/ , tamil
பேசிகிட்டுருக்க  (AWE) , /peː.t̠ʃi.kiʈ.ʈu.ɾuk.ka/ , tamil
இருக்கா  (AWE) , /i.ɾuk.kaː/ , tamil
காரக்கொழம்பு  (AWE) , /kaː.ɾak.ko.ɭam.pu/ , tamil
மூதேவி  (AWE) , /muː.teː.ʋi/ , tamil
பார்றி  (AWE) , /paːɾ.ɾi/ , tamil
அனாற்கலில  (AWE) , /a.naːɾ.ka.li.la/ , tamil
கேக்குதா  (AWE) , /keːk.ku.taː/ , tamil
கவலைப்படாத  (AWE) , /ka.ʋa.laip.pa.ʈaː.ta/ , tamil
ஃபோனுனு  (AWE) , /foː.nu.nu/ , tamil
தொடப்பக்கட்டலயே  (AWE) , /to.ʈap.pak.kaʈ.ʈa.la.jeː/ , tamil
காட்ல  (AWE) , /kaːʈ.la/ , tamil
சரி  (AWE) , /t̠ʃa.ɾi/ , tamil
புரியலடி  (AWE) , /pu.ɾi.ja.la.ʈi/ , tamil
ஐய்யய்யோ  (AWE) , /aij.jai.joː/ , tamil
சாப்டியா  (AWE) , /saːp.ʈi.jaː/ , tamil
சொல்லணுமா  (AWE) , /t̠ʃol.la.ɳu.maː/ , tamil
நெனச்சேன்  (AWE) , /ne.nat̠ʃ.t̠ʃeːn/ , tamil
சாப்டுட்டு  (AWE) , /t̠ʃaːp.ʈuʈ.ʈu/ , tamil
போற  (AWE) , /poː.ɾa/ , tamil
ஆமா  (AWE) , /aː.maː/ , tamil
ஒட்றதுல்ல  (AWE) , /oʈ.ɾa.tul.la/ , tamil
பண்ட்டியாடி  (AWE) , /paɳʈ.ʈi.jaː.ʈi/ , tamil
தெரியுதாடி  (AWE) , /te.ɾi.ju.taː.ʈi/ , tamil
தாண்டி  (AWE) , /taːɳ.ʈi/ , tamil
இதெல்லாம்  (AWE) , /i.tel.laːm/ , tamil
இருக்குன்னு  (AWE) , /i.ɾuk.kun.nu/ , tamil
பண்ணிருக்காங்க  (AWE) , /paɳ.ɳi.ɾuk.kaːŋ.ka/ , tamil
சாப்டேன்  (AWE) , /saːp.ʈeːn/ , tamil
மாட்டாங்கடி  (AWE) , /maːʈ.ʈaːŋ.ka.ʈi/ , tamil
அப்டியா  (AWE) , /ap.ʈi.jaː/ , tamil
அப்பறன்டி  (AWE) , /ap.pa.ɾan.ʈi/ , tamil
பண்ணிருக்காங்க  (AWE) , /paɳ.ɳi.ɾuk.kaːŋ.ka/ , tamil
லூஸ்  (AWE) , /luːs/ , tamil
சொல்ட்டேனடி  (AWE) , /t̠ʃolʈ.ʈeː.na.ʈi/ , tamil
பாத்தியாடி  (AWE) , /paːt.ti.jaː.ʈi/ , tamil
இல்லையா  (AWE) , /il.lai.jaː/ , tamil
சாம்பாரும்  (AWE) , /t̠ʃaːm.paː.ɾum/ , tamil
ஃபோனா  (AWE) , /foː.naː/ , tamil
சாப்டேன்டி  (AWE) , /t̠ʃaːp.ʈeːn.ʈi/ , tamil
வேணாம்டி  (AWE) , /ʋeː.ɳaːm.ʈi/ , tamil
தெரிமா  (AWE) , /te.ɾi.maː/ , tamil
சாப்டுப்பாரு  (AWE) , /t̠ʃaːp.ʈup.paː.ɾu/ , tamil
ஏன்டி  (AWE) , /eːn.ʈi/ , tamil
ஃபோன்  (AWE) , /foːn/ , tamil
தி_நகர்ல  (AWE) , /ti na.kaɾ.la/ , tamil
சொல்லிருக்கேன்  (AWE) , /t̠ʃol.li.ɾuk.keːn/ , tamil
அச்சச்சோ  (AWE) , /at̠ʃ.t̠ʃat̠ʃ.t̠ʃoː/ , tamil
கெடயாதுடி  (AWE) , /ke.ʈa.jaː.tu.ʈi/ , tamil
என்னது  (AWE) , /en.na.tu/ , tamil
லூஸ்  (AWE) , /luːs/ , tamil
புரியல  (AWE) , /pu.ɾi.ja.la/ , tamil
ராஸ்கல்  (AWE) , /ɾaːs.kal/ , tamil
சொல்றதுக்கு  (AWE) , /t̠ʃol.ɾa.tuk.ku/ , tamil
பரவால்லடி  (AWE) , /pa.ɾa.ʋaːl.la.ʈi/ , tamil
காரக்கொழம்பும்  (AWE) , /kaː.ɾak.ko.ɭam.pum/ , tamil
எம்பேச்சலாம்  (AWE) , /em.peːt̠ʃ.t̠ʃa.laːm/ , tamil
திட்டிட்டேன்டி  (AWE) , /tiʈ.ʈiʈ.ʈeːn.ʈi/ , tamil
நீங்களும்  (AWE) , /niːŋ.ka.ɭum/ , tamil
தப்பாயிடும்  (AWE) , /tap.paː.ji.ʈum/ , tamil
தெரிமா  (AWE) , /te.ɾi.maː/ , tamil
இருக்கலாம்  (AWE) , /i.ɾuk.ka.laːm/ , tamil
சொல்ற  (AWE) , /t̠ʃol.ɾa/ , tamil
வேணும்டி  (AWE) , /ʋeː.ɳum.ʈi/ , tamil
சௌரியமா  (AWE) , /t̠ʃau.ɾi.ja.maː/ , tamil
சாப்ட  (AWE) , /t̠ʃaːp.ʈa/ , tamil
மாறியாடி  (AWE) , /maː.ɾi.jaː.ʈi/ , tamil
அப்டியா  (AWE) , /ap.ʈi.jaː/ , tamil
எனக்கு  (AWE) , /e.nak.ku/ , tamil
மாமனார  (AWE) , /maː.ma.naː.ɾa/ , tamil
தெரியுமே  (AWE) , /te.ɾi.ju.meː/ , tamil
ஜாக்கிரயா  (AWE) , /d̠ʒaːk.ki.ɾa.jaː/ , tamil
இருக்க  (AWE) , /i.ɾuk.ka/ , tamil
சொல்றேன்டி  (AWE) , /t̠ʃol.ɾeːn.ʈi/ , tamil
தொட்டுக்குறதுக்கு  (AWE) , /toʈ.ʈuk.ku.ɾa.tuk.ku/ , tamil
தான்  (AWE) , /taːn/ , tamil
சாப்டுறதுக்கு  (AWE) , /t̠ʃaːp.ʈu.ɾa.tuk.ku/ , tamil
பேசாத  (AWE) , /peː.t̠ʃaː.ta/ , tamil
காரக்கொழம்பும்  (AWE) , /kaː.ɾak.ko.ɭam.pum/ , tamil
புரியல  (AWE) , /pu.ɾi.ja.la/ , tamil
இல்லப்பா  (AWE) , /il.lap.paː/ , tamil
ஆமான்டி  (AWE) , /aː.maːn.ʈi/ , tamil
ஊரான்முட்டு  (AWE) , /uː.ɾaːn.muʈ.ʈu/ , tamil
அப்டிலாம்  (AWE) , /ap.ʈi.laːm/ , tamil
எனக்காடி  (AWE) , /e.nak.kaː.ʈi/ , tamil
பரவால்ல  (AWE) , /pa.ɾa.ʋaːl.la/ , tamil
கேக்குற  (AWE) , /keːk.ku.ɾa/ , tamil
யாருதுனாவது  (AWE) , /jaː.ɾu.tu.naː.ʋa.tu/ , tamil
பேசாத  (AWE) , /peː.t̠ʃaː.ta/ , tamil
வெத்துவேட்டா  (AWE) , /ʋet.tu.ʋeːʈ.ʈaː/ , tamil
ரொம்ப  (AWE) , /ɾom.pa/ , tamil
தான்டி  (AWE) , /taːn.ʈi/ , tamil
பாரீஸ்ல  (AWE) , /paː.ɾiːs.la/ , tamil
பேசுறதுன்னே  (AWE) , /peː.t̠ʃu.ɾa.tun.neː/ , tamil
ஆத்துக்காருக்கு  (AWE) , /aːt.tuk.kaː.ɾuk.ku/ , tamil
பேசுறேன்  (AWE) , /peː.t̠ʃu.ɾeːn/ , tamil
கேக்கறேன்டி  (AWE) , /keːk.ka.ɾeːn.ʈi/ , tamil
வந்துட்டேன்  (AWE) , /ʋan.tuʈ.ʈeːn/ , tamil
வெளாயாடிகிட்டு  (AWE) , /ʋe.ɭaː.jaː.ʈi.kiʈ.ʈu/ , tamil
கெடயாதுடி  (AWE) , /ke.ʈa.jaː.tu.ʈi/ , tamil
ஃபெவிகுவிக்க  (AWE) , /fe.ʋi.ku.ʋik.ka/ , tamil
ஆஹ்  (AWE) , /aːh/ , tamil
ஃபிரைட்  (AWE) , /fi.ɾaiʈ/ , tamil
சாப்டா  (AWE) , /saːp.ʈaː/ , tamil
angisamufuni  (AWE) , /a.ŋɡi.sa.mu.ˈfu.ni/ , zulu
ungalenzi  (AWE) , /u.ŋɡa.ˈle.nzi/ , zulu
sengiyakubona  (AWE) , /se.ŋɡi.ja.ɠu.ˈɓɔ.na/ , zulu
izolo  (AWE) , /i.ˈzɔ.lo/ , zulu
angsimugcwali  (AWE) , /a.ŋɡi.si.mu.ˈɡǀʱwa.li/ , zulu
angisamufuni  (AWE) , /a.ŋɡi.sa.mu.ˈfu.ni/ , zulu
uya-organizer  (AWE) , /ˈu.ja ɔ.ɡa.na.ˈji.za/ , zulu
izozinqamukela  (AWE) , /i.zo.zi.nkǃa.mu.ˈɠɜ.la/ , zulu
hayi  (AWE) , /a.ˈji/ , zulu
hayi  (AWE) , /a.ˈji/ , zulu
awusheli  (AWE) , /a.wu.ˈʃe.li/ , zulu
eMaritzburg  (AWE) , /ɜ.ma.ˈlitʼz.ɓulɡ/ , zulu
ukhona  (AWE) , /u.ˈkʰɔ.na/ , zulu
kuyafana  (AWE) , /ɠu.ˈja.fa.na/ , zulu
kunocwaningo  (AWE) , /ɠu.nɔ.kǀwa.ˈni.ŋɡo/ , zulu
lalela  (AWE) , /la.ˈlɜ.la/ , zulu
usafundisa  (AWE) , /u.sa.fu.ˈndi.sa/ , zulu
namanje  (AWE) , /na.ˈma.nd̠ʒe/ , zulu
ngobani  (AWE) , /ŋɡɔ.ˈɓa.ni/ , zulu
uNomakula  (AWE) , /u.nɔ.ma.ˈɠu.la/ , zulu
ungayidrophi  (AWE) , /u.ŋɡa.ji.ˈdlo.pʰi/ , zulu
leyomoto  (AWE) , /lɜ.jɔ.ˈmɔ.tʼo/ , zulu
uxakwa  (AWE) , /u.ˈkǁa.ɠwa/ , zulu
uMthabisi  (AWE) , /u.mtʰa.ˈɓi.si/ , zulu
khuluma  (AWE) , /ˈkʰu.lu.ma/ , zulu
uNomakula  (AWE) , /u.nɔ.ma.ˈɠu.la/ , zulu
akuzamele  (AWE) , /a.ɠu.za.ˈmɜ.le/ , zulu
eMaritzburg  (AWE) , /ɜ.ma.ˈlitʼz.ɓulɡ/ , zulu
angikhulumisa  (AWE) , /a.ŋɡi.kʰu.lu.ˈmi.sa/ , zulu
usafundisa  (AWE) , /u.sa.fu.ˈndi.sa/ , zulu
ngamaprivate  (AWE) , /ŋɡa.ma.pʼla.ji.ˈvɜtʼ/ , zulu
uyabheda  (AWE) , /u.ja.ˈbɜ.da/ , zulu
Njekshini  (AWE) , /nd̠ʒeɠ.ˈʃi.ni/ , zulu
yiphi  (AWE) , /ˈji.pʰi/ , zulu
awusheli  (AWE) , /a.wu.ˈʃe.li/ , zulu
uqondile  (AWE) , /u.kǃo.ˈndi.le/ , zulu
anginamoya  (AWE) , /a.ŋɡi.na.ˈmɔ.ja/ , zulu
ucwaningo  (AWE) , /u.kǀwa.ˈni.ŋɡo/ , zulu
ashintshe  (AWE) , /a.ˈʃi.nt̠ʃʼe/ , zulu
somfana  (AWE) , /sɔ.ˈmfa.na/ , zulu
shabhu  (AWE) , /ˈʃa.bu/ , zulu
siyixoxela  (AWE) , /si.ji.kǁɔ.ˈkǁɜ.la/ , zulu
usuyahlanya  (AWE) , /u.su.ja.ˈɬa.ɲa/ , zulu
ematekisini  (AWE) , /ɜ.ma.tʼe.ɠi.ˈsi.ni/ , zulu
usafundisa  (AWE) , /u.sa.fu.ˈndi.sa/ , zulu
ukumutshela  (AWE) , /u.ɠu.mu.ˈt̠ʃʼɜ.la/ , zulu
ngaphakathi  (AWE) , /ŋɡa.pʰa.ˈɠa.tʰi/ , zulu
hhayi  (AWE) , /ˈɦa.ji/ , zulu
baseGoli  (AWE) , /ɓa.sɜ.ˈɡo.li/ , zulu
ngomkhuhlane  (AWE) , /ŋɡo.mkʰu.ˈɬa.ne/ , zulu
isekeni  (AWE) , /i.sɜ.ˈɠe.ni/ , zulu
ukhona  (AWE) , /u.ˈkʰɔ.na/ , zulu
ngizozama  (AWE) , /ŋɡi.zɔ.ˈza.ma/ , zulu
nomntwana  (AWE) , /nɔ.ˈmntʼwa.na/ , zulu
awusheli  (AWE) , /a.wu.ˈʃe.li/ , zulu
ngomkhuhlane  (AWE) , /ŋɡo.mkʰu.ˈɬa.ne/ , zulu
udlulisani  (AWE) , /u.ɮu.li.ˈsa.ni/ , zulu
ntambama  (AWE) , /ntʼa.ˈmba.ma/ , zulu
amakati  (AWE) , /a.ma.ˈɠa.tʼi/ , zulu
ya  (AWE) , /ˈja/ , zulu
emateksini  (AWE) , /ɜ.ma.tʼe.ˈɠsi.ni/ , zulu
kusasowumuntu  (AWE) , /ɠu.sa.so.wu.ˈmu.ntʼu/ , zulu
wenzeni  (AWE) , /wɜ.ˈnzɜ.ni/ , zulu
awazi  (AWE) , /a.ˈwa.zi/ , zulu
uyayizwa  (AWE) , /u.ja.ˈji.zwa/ , zulu
ungayidrophi  (AWE) , /u.ŋɡa.ji.ˈdlo.pʰi/ , zulu
ngiyakuzwa  (AWE) , /ŋɡi.ja.ˈɠu.zwa/ , zulu
uphi  (AWE) , /ˈu.pʰi/ , zulu
usafundisa  (AWE) , /u.sa.fu.ˈndi.sa/ , zulu
lasudukluza  (AWE) , /la.su.du.ˈkxu.za/ , zulu
ngimbonile  (AWE) , /ŋɡi.mɓo.ˈni.le/ , zulu
ngiyakuzwa  (AWE) , /ŋɡi.ja.ˈɠu.zwa/ , zulu
uyazithanda  (AWE) , /u.ja.zi.ˈtʰa.nda/ , zulu
angikhulumisa  (AWE) , /a.ŋɡi.kʰu.lu.ˈmi.sa/ , zulu
ucwaningo  (AWE) , /u.kǀwa.ˈni.ŋɡo/ , zulu
ungifonelile  (AWE) , /u.ŋɡi.fɔ.ne.ˈli.le/ , zulu
uSthembile  (AWE) , /u.stʰe.ˈmbi.le/ , zulu
umutshele  (AWE) , /u.mu.ˈt̠ʃʼɜ.le/ , zulu
ombambile  (AWE) , /ɔ.mɓa.ˈmɓi.le/ , zulu
isikrebha  (AWE) , /i.si.ˈkʼlɜ.ba/ , zulu
uNgcebo  (AWE) , /u.ˈŋɡǀʱɜ.ɓo/ , zulu
abaseGoli  (AWE) , /a.ɓa.sɜ.ˈɡo.li/ , zulu
eGoli  (AWE) , /ɜ.ˈɡo.li/ , zulu
ungifonelile  (AWE) , /u.ŋɡi.fɔ.ne.ˈli.le/ , zulu
suka  (AWE) , /ˈsu.ɠa/ , zulu
ayithengile  (AWE) , /a.ji.tʰe.ˈŋɡi.le/ , zulu
uSthembile  (AWE) , /u.stʰe.ˈmbi.le/ , zulu
ebaXo  (AWE) , /ɜ.ˈɓa.kǁo/ , zulu
yazi  (AWE) , /ˈja.zi/ , zulu
unokungifonela  (AWE) , /u.no.ɠu.ŋɡi.fɔ.ˈnɜ.la/ , zulu
angikhulumisa  (AWE) , /a.ŋɡi.kʰu.lu.ˈmi.sa/ , zulu
olright  (AWE) , /ˈal.ʁa.ji.tʼi/ , zulu
ngiyakuzwa  (AWE) , /ŋɡi.ja.ˈɠu.zwa/ , zulu
eyiyona  (AWE) , /e.ji.ˈjɔ.na/ , zulu
wakaMbedu  (AWE) , /wa.ɠa.ˈmɓe.du/ , zulu
nalamofana  (AWE) , /na.la.mɔ.ˈfa.na/ , zulu
lezi  (AWE) , /ˈlɜ.zi/ , zulu
ungifonela  (AWE) , /u.ŋɡi.fɔ.ˈnɜ.la/ , zulu
ungayidrophi  (AWE) , /u.ŋɡa.ji.ˈdlo.pʰi/ , zulu
akabambe  (AWE) , /a.ɠa.ˈɓa.mbe/ , zulu
mawumbona  (AWE) , /ma.wu.ˈmɓɔ.na/ , zulu
anginamoya  (AWE) , /a.ŋɡi.na.ˈmɔ.ja/ , zulu
mangimbona  (AWE) , /ma.ŋɡi.ˈmɓɔ.na/ , zulu
ngizozama  (AWE) , /ŋɡi.zɔ.ˈza.ma/ , zulu
ukumutshela  (AWE) , /u.ɠu.mu.ˈt̠ʃʼɜ.la/ , zulu
number  (AWE) , /ˈna.mba/ , zulu
ngamaprivate  (AWE) , /ŋɡa.ma.pʼla.ji.ˈvɜtʼ/ , zulu
eGoli  (AWE) , /ɜ.ˈɡo.li/ , zulu
unokumbona  (AWE) , /u.no.ɠu.ˈmɓɔ.na/ , zulu
unokumbona  (AWE) , /u.no.ɠu.ˈmɓɔ.na/ , zulu
amaSuzu  (AWE) , /a.ma.ˈsu.zu/ , zulu
uSthembile  (AWE) , /u.stʰe.ˈmbi.le/ , zulu
uphi  (AWE) , /ˈu.pʰi/ , zulu
ngamaprivate  (AWE) , /ŋɡa.ma.pʼla.ji.ˈvɜtʼ/ , zulu
sikhulume  (AWE) , /si.kʰu.ˈlu.me/ , zulu
usabheda  (AWE) , /u.sa.ˈbɜ.da/ , zulu
ngimutshele  (AWE) , /ŋɡi.mu.ˈt̠ʃʼɜ.le/ , zulu
ngamaprivate  (AWE) , /ŋɡa.ma.pʼla.ji.ˈvɜtʼ/ , zulu
angimazi  (AWE) , /a.ŋɡi.ˈma.zi/ , zulu
angisazi  (AWE) , /a.ŋɡi.ˈsa.zi/ , zulu
bengimgcwele  (AWE) , /ɓe.ŋɡi.ˈmɡǀʱwɜ.le/ , zulu
uyabheda  (AWE) , /u.ja.ˈbɜ.da/ , zulu
eyodwa  (AWE) , /ɜ.ˈjɔ.dwa/ , zulu
ungayidrophi  (AWE) , /u.ŋɡa.ji.ˈdlo.pʰi/ , zulu
njeya  (AWE) , /ˈnd̠ʒɜ.ja/ , zulu
umkhuhlane  (AWE) , /u.mkʰu.ˈɬa.ne/ , zulu
uSthembile  (AWE) , /u.stʰe.ˈmbi.le/ , zulu
ya  (AWE) , /ˈja/ , zulu
kwenye  (AWE) , /ˈɠwɜ.ɲe/ , zulu
womntanami  (AWE) , /wɔ.mntʼa.ˈna.mi/ , zulu
uyisidumbu  (AWE) , /u.ji.si.ˈdu.mɓu/ , zulu
uThys  (AWE) , /ˈutʰjs/ , zulu
ukhona  (AWE) , /u.ˈkʰɔ.na/ , zulu
ethroweni  (AWE) , /ɜ.tʼlɔ.ˈwe.ni/ , zulu
namanje  (AWE) , /na.ˈma.nd̠ʒe/ , zulu
ukuthi  (AWE) , /ˈɠu.tʰi/ , zulu
hawu  (AWE) , /ˈɦa.wu/ , zulu
ngobani  (AWE) , /ŋɡɔ.ˈɓa.ni/ , zulu
asikhulume  (AWE) , /a.si.kʰu.ˈlu.me/ , zulu
uyawathanda  (AWE) , /u.ja.wa.ˈtʰa.nda/ , zulu
namanje  (AWE) , /na.ˈma.nd̠ʒe/ , zulu
ngizomutshela  (AWE) , /ŋɡi.zo.mu.ˈt̠ʃʼɜ.la/ , zulu
nginomuntu  (AWE) , /ŋɡi.no.ˈmu.ntʼu/ , zulu
ubani  (AWE) , /u.ˈɓa.ni/ , zulu
benza  (AWE) , /ˈɓɜ.nza/ , zulu
inetwork  (AWE) , /i.nɜ.tʰi.ˈwɜ.kʰi/ , zulu
uMthamiz  (AWE) , /u.ˈmtʰa.miz/ , zulu
siyaxoxa  (AWE) , /si.ja.ˈkǁɔ.kǁa/ , zulu
usabambile  (AWE) , /u.sa.ɓa.ˈmbi.le/ , zulu
ezosho  (AWE) , /ɜ.ˈzɔ.ʃo/ , zulu
usabheda  (AWE) , /u.sa.ˈbɜ.da/ , zulu
kanti  (AWE) , /ˈɠa.ntʼi/ , zulu
ngisamthanda  (AWE) , /ŋɡi.sa.ˈmtʰa.nda/ , zulu
ya  (AWE) , /ˈja/ , zulu
longize  (AWE) , /lo.ˈŋɡi.ze/ , zulu
ulokhu  (AWE) , /u.ˈlɔ.kʰu/ , zulu
angisazi  (AWE) , /a.ŋɡi.ˈsa.zi/ , zulu
kuyafana  (AWE) , /ɠu.ˈja.fa.na/ , zulu
ngiright  (AWE) , /ŋɡi.ˈʁaj.tʰi/ , zulu
ngithe  (AWE) , /ˈŋɡi.tʰe/ , zulu
uThobani  (AWE) , /u.tʰɔ.ˈɓa.ni/ , zulu
angisazi  (AWE) , /a.ŋɡi.ˈsa.zi/ , zulu
ngobani  (AWE) , /ŋɡɔ.ˈɓa.ni/ , zulu
loyo  (AWE) , /ˈlɔ.jo/ , zulu
eGoli  (AWE) , /ɜ.ˈɡo.li/ , zulu
uyashela  (AWE) , /u.ja.ˈʃɜ.la/ , zulu
eGoli  (AWE) , /ɜ.ˈɡo.li/ , zulu
asixoxe  (AWE) , /a.si.ˈkǁɔ.kǁe/ , zulu
usegqabule  (AWE) , /u.sɜ.ɡǃʱa.ˈɓu.le/ , zulu
mawumbona  (AWE) , /ma.wu.ˈmɓɔ.na/ , zulu
ohho  (AWE) , /ˈɔ.ɦo/ , zulu
Murder  (AWE) , /ˈmɜ.da/ , zulu
kuye  (AWE) , /ˈɠu.je/ , zulu
hayi  (AWE) , /a.ˈji/ , zulu
lokho  (AWE) , /ˈlɔ.kʰo/ , zulu
angeke  (AWE) , /a.ˈŋɡɜ.ɠe/ , zulu
uyezwa  (AWE) , /u.ˈjɜ.zwa/ , zulu
ufunani  (AWE) , /u.fu.ˈna.ni/ , zulu
dešimtos  (AWE) , /dʲɛ.ˈʃʲɪm.toːs/ , lithuanian
susipažįsta  (AWE) , /sʊ.sʲɪ.pa.ˈʒʲiː.sta/ , lithuanian
plokštės  (AWE) , /ˈpɫoːk.ʃʲtʲeːs/ , lithuanian
žinau  (AWE) , /ʒʲɪ.ˈnaʊ/ , lithuanian
devyniasdešimt  (AWE) , /dʲɛ.vʲiː.nʲazʲ.ˈdʲæː.ʃʲɪmt/ , lithuanian
Grigiškėse  (AWE) , /ˈɡrʲɪ.ɡʲɪ.ʃʲkʲeː.sʲɛ/ , lithuanian
padarytų  (AWE) , /pa.da.ˈrʲiː.tuː/ , lithuanian
aišku  (AWE) , /ˈaɪ.ʃkʊ/ , lithuanian
nevaikščiojom  (AWE) , /nʲɛ.ˈvaɪk.ʃʲt̠ʃʲoː.jɔm/ , lithuanian
kartoną  (AWE) , /kar.ˈtɔ.nɑː/ , lithuanian
europietiška  (AWE) , /ɛʊ.rɔ.ˈpʲɪe.tʲɪ.ʃka/ , lithuanian
išvažiavo  (AWE) , /ɪʃ.va.ˈʒʲɑː.voː/ , lithuanian
su  (AWE) , /ˈsʊ/ , lithuanian
betonuoti  (AWE) , /bʲɛ.tɔ.ˈnʊɔ.tʲɪ/ , lithuanian
užsiregistruot  (AWE) , /ʊʃʲ.sʲɪ.rʲɛ.ɡʲɪ.ˈstrʊɔt/ , lithuanian
mašinas  (AWE) , /ma.ʃʲɪ.ˈnas/ , lithuanian
užsilaikėm  (AWE) , /ʊʃʲ.sʲɪ.ˈɫaɪ.kʲeːm/ , lithuanian
ai  (AWE) , /ˈaɪ/ , lithuanian
ekskursijoj  (AWE) , /ɛk.ˈskʊrʲ.sʲɪ.jɔj/ , lithuanian
pirmos  (AWE) , /ˈpʲɪr.moːs/ , lithuanian
prieškambary  (AWE) , /ˈpʲrʲɪeʃ.kam.ba.rʲiː/ , lithuanian
stelažus  (AWE) , /sʲtʲɛ.ˈɫɑː.ʒʊs/ , lithuanian
šulinukus  (AWE) , /ʃʊ.lʲɪ.ˈnʊ.kʊs/ , lithuanian
įsivaizduoju  (AWE) , /iː.sʲɪ.vaɪ.ˈzdʊɔ.jʊ/ , lithuanian
atsakingas  (AWE) , /at.sa.ˈkʲɪn.ɡas/ , lithuanian
turėsiu  (AWE) , /tʊ.ˈrʲeː.sʲʊ/ , lithuanian
teisingai  (AWE) , /tʲɛɪ.ˈsʲɪn.ɡaɪ/ , lithuanian
labas  (AWE) , /ˈɫɑː.bas/ , lithuanian
pagaminti  (AWE) , /pa.ɡa.ˈmʲɪnʲ.tʲɪ/ , lithuanian
padarysi  (AWE) , /pa.da.ˈrʲiː.sʲɪ/ , lithuanian
užsimaišai  (AWE) , /ʊʃʲ.sʲɪ.maɪ.ˈʃaɪ/ , lithuanian
gamina  (AWE) , /ɡa.ˈmʲɪ.na/ , lithuanian
europietiška  (AWE) , /ɛʊ.rɔ.ˈpʲɪe.tʲɪ.ʃka/ , lithuanian
apalupkę  (AWE) , /a.ˈpɑː.ɫʊpʲ.kʲæː/ , lithuanian
susirgusi  (AWE) , /sʊ.ˈsʲɪr.ɡʊ.sʲɪ/ , lithuanian
remiasi  (AWE) , /ˈrʲæː.mʲa.sʲɪ/ , lithuanian
traktorius  (AWE) , /ˈtrɑːk.tɔ.rʲʊs/ , lithuanian
valandas  (AWE) , /ˈvɑː.ɫan.das/ , lithuanian
popierinius  (AWE) , /poː.pʲɪe.ˈrʲɪ.nʲʊs/ , lithuanian
bruselius  (AWE) , /ˈbrʊ.sʲɛ.lʲʊs/ , lithuanian
pavasarį  (AWE) , /pa.ˈvɑː.sa.rʲiː/ , lithuanian
susidėti  (AWE) , /sʊ.sʲɪ.dʲeː.ˈtʲɪ/ , lithuanian
vienas  (AWE) , /vʲɪe.ˈnas/ , lithuanian
nelabai  (AWE) , /nʲɛ.ɫa.ˈbaɪ/ , lithuanian
pasiskambint  (AWE) , /pa.sʲɪ.ˈskamʲ.bʲɪnt/ , lithuanian
patiko  (AWE) , /pa.ˈtʲɪ.koː/ , lithuanian
išpardavimai  (AWE) , /ɪʃ.par.da.ˈvʲɪ.maɪ/ , lithuanian
atšlaituos  (AWE) , /at.ˈʃɫaɪ.tʊɔs/ , lithuanian
viskas  (AWE) , /ˈvʲɪs.kas/ , lithuanian
Senukuose  (AWE) , /sʲɛ.ˈnʊ.kʊɔ.sʲɛ/ , lithuanian
laiptus  (AWE) , /ˈɫaɪp.tʊs/ , lithuanian
patiko  (AWE) , /pa.ˈtʲɪ.koː/ , lithuanian
šita  (AWE) , /ˈʃʲɪ.ta/ , lithuanian
įvairias  (AWE) , /iː.vaɪ.ˈrʲas/ , lithuanian
atsakingas  (AWE) , /at.sa.ˈkʲɪn.ɡas/ , lithuanian
atsakingas  (AWE) , /at.sa.ˈkʲɪn.ɡas/ , lithuanian
lentynas  (AWE) , /lʲɛnʲ.ˈtʲiː.nas/ , lithuanian
traktorius  (AWE) , /ˈtrɑːk.tɔ.rʲʊs/ , lithuanian
valanda  (AWE) , /ˈvɑː.ɫan.da/ , lithuanian
klasiokas  (AWE) , /kɫa.ˈsʲoː.kas/ , lithuanian
labas  (AWE) , /ˈɫɑː.bas/ , lithuanian
tualetinį  (AWE) , /tʊ.a.ˈlʲɛ.tʲɪ.nʲiː/ , lithuanian
rankšluosčius  (AWE) , /ˈrank.ʃɫʊɔ.ʃʲt̠ʃʲʊs/ , lithuanian
vaikščiojom  (AWE) , /ˈvaɪk.ʃʲt̠ʃʲoː.jɔm/ , lithuanian
tvarkinga  (AWE) , /tvarʲ.ˈkʲɪn.ɡa/ , lithuanian
sandėliuką  (AWE) , /sanʲ.dʲeː.ˈlʲʊ.kɑː/ , lithuanian
susineši  (AWE) , /sʊ.sʲɪ.ˈnʲɛ.ʃʲɪ/ , lithuanian
užsirašyt  (AWE) , /ʊʃʲ.sʲɪ.ra.ˈʃʲiːt/ , lithuanian
švaru  (AWE) , /ʃva.ˈrʊ/ , lithuanian
nuvažiavom  (AWE) , /nʊ.va.ˈʒʲɑː.vɔm/ , lithuanian
rytoj  (AWE) , /rʲiː.ˈtɔj/ , lithuanian
susipirkt  (AWE) , /sʊ.sʲɪ.ˈpʲɪrkt/ , lithuanian
padarysi  (AWE) , /pa.da.ˈrʲiː.sʲɪ/ , lithuanian
betonas  (AWE) , /bʲɛ.ˈtɔ.nas/ , lithuanian
išsilygina  (AWE) , /ɪʃʲ.sʲɪ.ˈlʲiː.ɡʲɪ.na/ , lithuanian
nežinau  (AWE) , /nʲɛ.ʒʲɪ.ˈnaʊ/ , lithuanian
ekskursija  (AWE) , /ɛk.ˈskʊrʲ.sʲɪ.ja/ , lithuanian
patiko  (AWE) , /pa.ˈtʲɪ.koː/ , lithuanian
nuomoja  (AWE) , /ˈnʊɔ.moː.ja/ , lithuanian
traktorių  (AWE) , /ˈtrɑːk.toː.rʲuː/ , lithuanian
išvažiavo  (AWE) , /ɪʃ.va.ˈʒʲɑː.voː/ , lithuanian
tualetinį  (AWE) , /tʊ.a.ˈlʲɛ.tʲɪ.nʲiː/ , lithuanian
nepadaro  (AWE) , /nʲɛ.pa.ˈdɑː.roː/ , lithuanian
specialūs  (AWE) , /sʲpʲɛ.ˈtsʲɑː.ɫuːs/ , lithuanian
pirmadienį  (AWE) , /pʲɪr.ˈmɑː.dʲɪe.nʲiː/ , lithuanian
gerai  (AWE) , /ɡʲɛ.ˈraɪ/ , lithuanian
padėklą  (AWE) , /pa.ˈdʲeː.kɫɑː/ , lithuanian
traktoriaus  (AWE) , /ˈtrɑːk.toː.rʲaʊs/ , lithuanian
polikliniką  (AWE) , /pɔ.lʲɪ.ˈklʲɪ.nʲɪ.kɑː/ , lithuanian
pirmadienį  (AWE) , /pʲɪr.ˈmɑː.dʲɪe.nʲiː/ , lithuanian
apylinkės  (AWE) , /a.ˈpʲiː.lʲɪnʲ.kʲeːs/ , lithuanian
žiūrėjom  (AWE) , /ʒʲuː.ˈrʲeː.jɔm/ , lithuanian
sąmatėlę  (AWE) , /sɑː.ma.ˈtʲeː.lʲæː/ , lithuanian
medieną  (AWE) , /mʲɛ.ˈdʲɪe.nɑː/ , lithuanian
nepriliptų  (AWE) , /nʲɛ.pʲrʲɪ.ˈlʲɪp.tuː/ , lithuanian
šiandien  (AWE) , /ˈʃʲanʲ.dʲɪen/ , lithuanian
valandos  (AWE) , /va.ɫan.ˈdoːs/ , lithuanian
granules  (AWE) , /ˈɡrɑː.nʊ.lʲɛs/ , lithuanian
truputėlį  (AWE) , /trʊ.pʊ.ˈtʲeː.lʲiː/ , lithuanian
išlygins  (AWE) , /ɪʃʲ.ˈlʲiː.ɡʲɪns/ , lithuanian
žinau  (AWE) , /ʒʲɪ.ˈnaʊ/ , lithuanian
internete  (AWE) , /ɪnʲ.tʲɛrʲ.ˈnʲɛ.tʲɛ/ , lithuanian
aštuoniasdešimt  (AWE) , /a.ʃtʊɔ.nʲa.ˈzʲdʲæː.ʃʲɪmt/ , lithuanian
bordiūrai  (AWE) , /bɔrʲ.ˈdʲuː.raɪ/ , lithuanian
medžiagas  (AWE) , /ˈmʲæː.d̠ʒʲa.ɡas/ , lithuanian
vaikiška  (AWE) , /ˈvaɪ.kʲɪ.ʃka/ , lithuanian
vaikiška  (AWE) , /ˈvaɪ.kʲɪ.ʃka/ , lithuanian
ortopedą  (AWE) , /ɔr.tɔ.ˈpʲɛ.dɑː/ , lithuanian
fabrike  (AWE) , /ˈfɑː.bʲrʲɪ.kʲɛ/ , lithuanian
truputėlį  (AWE) , /trʊ.pʊ.ˈtʲeː.lʲiː/ , lithuanian
nepriliptų  (AWE) , /nʲɛ.pʲrʲɪ.ˈlʲɪp.tuː/ , lithuanian
medžiagos  (AWE) , /mʲɛ.d̠ʒʲa.ˈɡoːs/ , lithuanian
padėklo  (AWE) , /pa.ˈdʲeː.kɫoː/ , lithuanian
svoris  (AWE) , /ˈsvoː.rʲɪs/ , lithuanian
programa  (AWE) , /prɔ.ɡra.ˈma/ , lithuanian
tvarkinga  (AWE) , /tvarʲ.ˈkʲɪn.ɡa/ , lithuanian
direktoriumi  (AWE) , /dʲɪ.ˈrʲɛk.tɔ.rʲʊ.mʲɪ/ , lithuanian
tvarką  (AWE) , /ˈtvar.kɑː/ , lithuanian
penki  (AWE) , /pʲɛnʲ.ˈkʲɪ/ , lithuanian
stelažus  (AWE) , /sʲtʲɛ.ˈɫɑː.ʒʊs/ , lithuanian
apalupkę  (AWE) , /a.ˈpɑː.ɫʊpʲ.kʲæː/ , lithuanian
betonas  (AWE) , /bʲɛ.ˈtɔ.nas/ , lithuanian
traktorius  (AWE) , /ˈtrɑːk.tɔ.rʲʊs/ , lithuanian
traktorius  (AWE) , /ˈtrɑːk.tɔ.rʲʊs/ , lithuanian
nuvedimą  (AWE) , /nʊ.vʲɛ.ˈdʲɪ.mɑː/ , lithuanian
televizija  (AWE) , /tʲɛ.lʲɛ.ˈvʲɪ.zʲɪ.ja/ , lithuanian
tvarkinga  (AWE) , /tvarʲ.ˈkʲɪn.ɡa/ , lithuanian
tvarkinga  (AWE) , /tvarʲ.ˈkʲɪn.ɡa/ , lithuanian
patiko  (AWE) , /pa.ˈtʲɪ.koː/ , lithuanian
nu  (AWE) , /ˈnʊ/ , lithuanian
paskirtas  (AWE) , /pa.sʲkʲɪr.ˈtas/ , lithuanian
tambūre  (AWE) , /ˈtam.buː.rʲɛ/ , lithuanian
fanieros  (AWE) , /fa.ˈnʲɪe.roːs/ , lithuanian
vienam  (AWE) , /vʲɪe.ˈnam/ , lithuanian
pats  (AWE) , /ˈpats/ , lithuanian
išvažiavo  (AWE) , /ɪʃ.va.ˈʒʲɑː.voː/ , lithuanian
išvažiavo  (AWE) , /ɪʃ.va.ˈʒʲɑː.voː/ , lithuanian
valandą  (AWE) , /ˈvɑː.ɫan.dɑː/ , lithuanian
kartoną  (AWE) , /kar.ˈtɔ.nɑː/ , lithuanian
generaliniu  (AWE) , /ɡʲɛ.nʲɛ.ˈrɑː.lʲɪ.nʲʊ/ , lithuanian
tvarkinga  (AWE) , /tvarʲ.ˈkʲɪn.ɡa/ , lithuanian
spintą  (AWE) , /ˈsʲpʲɪn.tɑː/ , lithuanian
birželio  (AWE) , /bʲɪrʲ.ˈʒʲæː.lʲoː/ , lithuanian
pradžioj  (AWE) , /pra.ˈd̠ʒʲɔj/ , lithuanian
gegužės  (AWE) , /ˈɡʲæː.ɡʊ.ʒʲeːs/ , lithuanian
freza  (AWE) , /ˈfʲrʲɛ.za/ , lithuanian
nu  (AWE) , /ˈnʊ/ , lithuanian
nu  (AWE) , /ˈnʊ/ , lithuanian
Sigitas  (AWE) , /sʲɪ.ˈɡʲɪ.tas/ , lithuanian
alio  (AWE) , /a.ˈlʲoː/ , lithuanian
vedžiojo  (AWE) , /vʲɛ.ˈd̠ʒʲoː.joː/ , lithuanian
gamina  (AWE) , /ɡa.ˈmʲɪ.na/ , lithuanian
visi  (AWE) , /vʲɪ.ˈsʲɪ/ , lithuanian
dienos  (AWE) , /dʲɪe.ˈnoːs/ , lithuanian
gamykla  (AWE) , /ɡa.ˈmʲiː.kɫa/ , lithuanian
švarumo  (AWE) , /ʃva.ˈrʊ.moː/ , lithuanian
rytoj  (AWE) , /rʲiː.ˈtɔj/ , lithuanian
baldžius  (AWE) , /ˈbalʲ.d̠ʒʲʊs/ , lithuanian
sandėliuką  (AWE) , /sanʲ.dʲeː.ˈlʲʊ.kɑː/ , lithuanian
akcijas  (AWE) , /ˈɑːk.tsʲɪ.jas/ , lithuanian
kažkokį  (AWE) , /kaʃ.ˈkoː.kʲiː/ , lithuanian
aišku  (AWE) , /ˈaɪ.ʃkʊ/ , lithuanian
paskui  (AWE) , /ˈpɑː.skʊi/ , lithuanian
mašinom  (AWE) , /ma.ˈʃʲɪ.nɔm/ , lithuanian
stelažus  (AWE) , /sʲtʲɛ.ˈɫɑː.ʒʊs/ , lithuanian
žolytę  (AWE) , /ʒoː.ˈlʲiː.tʲæː/ , lithuanian
sistema  (AWE) , /sʲɪ.sʲtʲɛ.ˈma/ , lithuanian
susipirkt  (AWE) , /sʊ.sʲɪ.ˈpʲɪrkt/ , lithuanian
plėvelę  (AWE) , /pʲlʲeː.ˈvʲæː.lʲæː/ , lithuanian
daroma  (AWE) , /ˈdɑː.roː.ma/ , lithuanian
traktorius  (AWE) , /ˈtrɑːk.tɔ.rʲʊs/ , lithuanian
Sigitas  (AWE) , /sʲɪ.ˈɡʲɪ.tas/ , lithuanian
domíngo  (AWE) , /dõ.ˈmĩŋ.ɡo/ , guarani
oñedominaukaiterei  (AWE) , /õ.ɲẽ.ðõ.mĩ.ˌnã.kaj.te.ɾe.ˈi/ , guarani
domíngo  (AWE) , /dõ.ˈmĩŋ.ɡo/ , guarani
guare  (AWE) , /ɰwa.ˈɾe/ , guarani
roiporuka  (AWE) , /ɾoj.po.ɾu.ˈka/ , guarani
amo  (AWE) , /ã.ˈmõɾ/ , guarani
japrojekta  (AWE) , /d̠ʒa.pɾo.ʝek.ˈta/ , guarani
veintisínko  (AWE) , /bejn.ti.ˈsĩŋ.ko/ , guarani
haguére  (AWE) , /ha.ˈɰwe.ɾe/ , guarani
kapelukuéra  (AWE) , /ka.pe.lu.ˈkwe.ɾa/ , guarani
omakanea  (AWE) , /õ.mã.kã.nẽ.ˈa/ , guarani
ñande  (AWE) , /ɲã.ˈnẽ/ , guarani
sosiokuéra  (AWE) , /ˌso.sjoh.ˈkwe.ɾa/ , guarani
hag̃uáicha  (AWE) , /hã.ˈɰ̃wãj.ʃã/ , guarani
ko'ápe  (AWE) , /ko.ˈʔa.pe/ , guarani
siénto  (AWE) , /ˈsjẽn.to/ , guarani
ndohovéingo  (AWE) , /ndo.ho.ˈvej.ŋɡo/ , guarani
roñerreuníta  (AWE) , /ɾõ.ɲẽ.rẽw.ˈnĩ.ta/ , guarani
ovy'aiterei  (AWE) , /o.ɨ.ʔaj.te.ɾe.ˈi/ , guarani
peteĩ  (AWE) , /pẽ.tẽ.ˈĩ/ , guarani
japagapaite  (AWE) , /d̠ʒa.pa.ˌɣa.paj.ˈte/ , guarani
upéva  (AWE) , /ˈpe.va/ , guarani
ha'e  (AWE) , /ha.ˈʔe/ , guarani
che  (AWE) , /ˈʃe/ , guarani
nasionalrã  (AWE) , /nã.sjõ.ˌnãl.ˈɾã/ , guarani
ipyahupaiténgo  (AWE) , /i.pɨ.a.hu.paj.ˈte.ŋɡo/ , guarani
ropinta  (AWE) , /ɾo.pĩn.ˈta/ , guarani
dirihentekuérape  (AWE) , /di.ɾi.ˌxẽn.teh.ˈkwe.ɾa.pe/ , guarani
hẽe  (AWE) , /hẽ.ˈe/ , guarani
rojo'o  (AWE) , /ɾo.d̠ʒo.ˈʔo/ , guarani
upévare  (AWE) , /ˈpe.va.ɾe/ , guarani
Hospital  (AWE) , /os.pi.ˈtal/ , guarani
orefelisita  (AWE) , /o.ɾe.fe.li.si.ˈta/ , guarani
peteĩ  (AWE) , /pẽ.tẽ.ˈĩ/ , guarani
rrúvia  (AWE) , /ˈru.βja/ , guarani
odominaiterei  (AWE) , /o.ðõ.mĩ.ˌnãj.te.ɾe.ˈi/ , guarani
ha  (AWE) , /ˈha/ , guarani
Martita-pe  (AWE) , /mãɾ.ˈti.ta.pe/ , guarani
péro  (AWE) , /ˈpe.ɾo/ , guarani
ñande  (AWE) , /ɲã.ˈnẽ/ , guarani
kampamentorã  (AWE) , /kãm.pã.ˌmẽn.to.ˈɾã/ , guarani
ochentakuéra  (AWE) , /o.ˌʃẽ.ntã.ˈkwe.ɾa/ , guarani
kapasitasiõ'i  (AWE) , /ka.pa.si.ta.ˌsjõ.ˈʔi/ , guarani
rokonektauka  (AWE) , /ɾo.kõ.nẽh.ˌta.ˈka/ , guarani
dirihentekuéra  (AWE) , /di.ɾi.ˌxẽn.teh.ˈkwe.ɾa/ , guarani
ahendu  (AWE) , /a.hẽ.ˈndu/ , guarani
napenavéintema  (AWE) , /nã.pẽ.ˌnã.ˈvej.ntẽ.mã/ , guarani
ehpektakula  (AWE) , /ˌʔes.pek.ta.ku.ˈlaɾ/ , guarani
kómo  (AWE) , /ˈko.mõ/ , guarani
jahechátako  (AWE) , /d̠ʒa.he.ˈʃa.ta.ko/ , guarani
petisa'i  (AWE) , /pe.ˌti.sa.ˈʔi/ , guarani
ha  (AWE) , /ˈha/ , guarani
hína  (AWE) , /ˌʔi.nã/ , guarani
ha  (AWE) , /ˈha/ , guarani
amoite  (AWE) , /ã.mõj.ˈte/ , guarani
konsúmo  (AWE) , /kõn.ˈsũ.mõ/ , guarani
upéicha  (AWE) , /ˈpej.ʃa/ , guarani
deúda  (AWE) , /ˈdew.ða/ , guarani
rretáso  (AWE) , /re.ˈta.so/ , guarani
ñañemongeta  (AWE) , /ɲã.ɲẽ.mõ.ŋɡe.ˈta/ , guarani
ndaikuaaimi  (AWE) , /ndaj.kwa.ãj.ˈmĩ/ , guarani
mba'eteko  (AWE) , /mba.ʔe.te.ˈko/ , guarani
nachemandu'ái  (AWE) , /nã.ʃẽ.mã.ndu.ˈʔaj/ , guarani
dirihentekuéra  (AWE) , /di.ɾi.ˌxẽn.teh.ˈkwe.ɾa/ , guarani
Cinthia-ko  (AWE) , /ˈsĩ.ntja.ko/ , guarani
y  (AWE) , /ˈʔɨ/ , guarani
la  (AWE) , /ˈla/ , guarani
pe  (AWE) , /ˈpe/ , guarani
mokõivéva  (AWE) , /mõ.kõj.ˈve.a/ , guarani
jaarregla  (AWE) , /d̠ʒa.re.ˈɣla/ , guarani
rokonektapáma  (AWE) , /ɾo.kõ.nẽk.ˌta.ˈpa.mã/ , guarani
ndoroguerekóiva  (AWE) , /ndo.ɾo.ɾe.ˈkoj.va/ , guarani
hẽe  (AWE) , /hẽ.ˈe/ , guarani
camping-kuéra  (AWE) , /ˌkãm.pĩ.ˈkwe.ɾa/ , guarani
roga'ikuéra  (AWE) , /ɾo.ɰa.ʔi.ˈkwe.ɾa/ , guarani
grúpo  (AWE) , /ˈɡɾu.po/ , guarani
hendivekuéra  (AWE) , /hẽ.ndi.e.ˈkwe.ɾa/ , guarani
pórke  (AWE) , /ˈpoɾ.ke/ , guarani
ha  (AWE) , /ˈha/ , guarani
ajerure  (AWE) , /a.d̠ʒe.ɾu.ˈɾe/ , guarani
patronalrã  (AWE) , /pa.tʂõ.ˌnãl.ˈɾã/ , guarani
kampaménto  (AWE) , /kãm.pã.ˈmẽn.to/ , guarani
ñande  (AWE) , /ɲã.ˈnẽ/ , guarani
roguereko  (AWE) , /ɾo.ɾe.ˈko/ , guarani
la  (AWE) , /ˈla/ , guarani
petisa'i  (AWE) , /pe.ˌti.sa.ˈʔi/ , guarani
ipochy  (AWE) , /i.po.ˈʃɨ/ , guarani
ha  (AWE) , /ˈha/ , guarani
ha  (AWE) , /ˈha/ , guarani
hikuái  (AWE) , /hi.ˈkwej/ , guarani
visíta  (AWE) , /bi.ˈsi.ta/ , guarani
ko  (AWE) , /ˈko/ , guarani
ajuda  (AWE) , /a.d̠ʒu.ˈða/ , guarani
mitãnguéra  (AWE) , /mĩ.tã.ˈŋɡwe.ɾa/ , guarani
hẽe  (AWE) , /hẽ.ˈe/ , guarani
mba'eteko  (AWE) , /mba.ʔe.te.ˈko/ , guarani
ñakumpli  (AWE) , /ɲã.kũm.ˈpli/ , guarani
ndoavisái  (AWE) , /ndo.a.βi.ˈsaj/ , guarani
oguerekopa  (AWE) , /o.ɾe.ko.ˈpa/ , guarani
veínte  (AWE) , /ˈbejn.te/ , guarani
ñañembyaty  (AWE) , /ɲã.ɲẽ.mbɨ.a.ˈtɨ/ , guarani
romopotĩ  (AWE) , /ɾõ.mõ.põ.ˈtĩ/ , guarani
Gabi  (AWE) , /ˈɡa.βi/ , guarani
ku  (AWE) , /ˈku/ , guarani
ekonsegi  (AWE) , /e.kõn.se.ˈɣi/ , guarani
ndi  (AWE) , /n̩.di/ , igbo
lawakwaranu  (AWE) , /la.wa.kʷa.ra.nʊ/ , igbo
ahia  (AWE) , /a.ɥʲa/ , igbo
asusu  (AWE) , /a.sʊ.sʊ/ , igbo
ka  (AWE) , /ka/ , igbo
n'anya  (AWE) , /na.ɲa/ , igbo
kelekwara  (AWE) , /kɛ.lɛ.kʷa.ɾa/ , igbo
lawara  (AWE) , /na.ba.ɾa/ , igbo
ndaa  (AWE) , /n̩.da.a/ , igbo
ututu  (AWE) , /ʊ.ʔʊ.ʔʊ/ , igbo
asina  (AWE) , /a.ʃɪ.na/ , igbo
nwezi  (AWE) , /ŋʷe.zi/ , igbo
ee  (AWE) , /e.e/ , igbo
o  (AWE) , /ɔ/ , igbo
ahu  (AWE) , /a.ɥ̃ʊ/ , igbo
kelekwara  (AWE) , /kɛ.lɛ.kʷa.ɾa/ , igbo
n'ekwenti  (AWE) , /nɛ.kʷɛ.n̩.tɪ/ , igbo
na  (AWE) , /na/ , igbo
maa  (AWE) , /ma.a/ , igbo
onyeisi  (AWE) , /o.ɲe.i.ʃi/ , igbo
nri  (AWE) , /n̩.ri/ , igbo
weenaaniya  (AWE) , /we.e.na.a.nɪ.ja/ , igbo
ga-ekelechara  (AWE) , /ɡa.e.ke.le.t̠ʃa.ra/ , igbo
anyi  (AWE) , /a.ɲɪ/ , igbo
achara  (AWE) , /a.t̠ʃa.la/ , igbo
ehee  (AWE) , /e.ɥe.e/ , igbo
weenaniya  (AWE) , /we.e.na.nɪ.ja/ , igbo
gbo  (AWE) , /ɡbo/ , igbo
bu  (AWE) , /bu/ , igbo
ga-isu  (AWE) , /ɡa.ɪ.sʊ/ , igbo
aka  (AWE) , /a.kʰa/ , igbo
n'obodo  (AWE) , /no.bo.do/ , igbo
emeriela  (AWE) , /e.me.rʲe.la/ , igbo
Chineke  (AWE) , /t̠ʃi.ne.ke/ , igbo
nsogbu  (AWE) , /n̩.so.ɓu/ , igbo
kelekwara  (AWE) , /kɛ.lɛ.kʷa.ɾa/ , igbo
onye  (AWE) , /ɔ.ɲe/ , igbo
ocha  (AWE) , /o.t̠ʃa/ , igbo
nsogbu  (AWE) , /n̩.so.ɓu/ , igbo
bula  (AWE) , /bʊ.na/ , igbo
asii  (AWE) , /a.ʃɪ.ɪ/ , igbo
ebiele  (AWE) , /e.bi.e.le/ , igbo
laruokwala  (AWE) , /la.ru.o.kʷa.la/ , igbo
maazi  (AWE) , /ma.a.zɪ/ , igbo
mmiri  (AWE) , /m̩.mi.li/ , igbo
ngwa  (AWE) , /n̩.ɡʷʰa/ , igbo
umu  (AWE) , /u.mu/ , igbo
maka  (AWE) , /ma.ka/ , igbo
na-ekuru  (AWE) , /na.e.ku.ru/ , igbo
na-eterekwanu  (AWE) , /na.e.te.re.kʷa.nʊ/ , igbo
Chineke  (AWE) , /t̠ʃi.ne.ke/ , igbo
三清山  (AGWE) , /saːm˥.tsɛːŋ˥.saːn˥/ , cantonese
九寨沟  (AGWE) , /ɡɐu˧˥.dzaːĭ˨.kɐu˥/ , cantonese
二十三  (AGWE) , /jiː˨.aː˨.saːm˥/ , cantonese
二十八号  (AGWE) , /jiː˨.aː˨.baːt˧.hou˧˥/ , cantonese
云南  (AGWE) , /wɐn˨˩.laːm˨˩/ , cantonese
伴  (AGWE) , /buːn˨/ , cantonese
你  (AGWE) , /lei˩˧/ , cantonese
包住  (AGWE) , /baːŭ˥.dzyː˨/ , cantonese
包食  (AGWE) , /baːŭ˥.siːk˨/ , cantonese
十二  (AGWE) , /sɐp˨.jiː˨/ , cantonese
千四  (AGWE) , /tsiːn˥.sei˧/ , cantonese
南国旅  (AGWE) , /laːm˨˩.ɡɔːk˧.lœy˩˧/ , cantonese
去  (AGWE) , /hœy˧/ , cantonese
去到  (AGWE) , /hœy˧.dou˧/ , cantonese
去唔去  (AGWE) , /hœy˧.m˨˩.hœy˧/ , cantonese
双黄  (AGWE) , /sœːŋ˥.wɔːŋ˨˩/ , cantonese
叫  (AGWE) , /ɡiʊ˧/ , cantonese
听到  (AGWE) , /tɛːŋ˥.dou˧˥/ , cantonese
听得  (AGWE) , /tɛːŋ˥.dɐk˥/ , cantonese
咋  (AGWE) , /dzaː˥/ , cantonese
咯  (AGWE) , /lɔː˥/ , cantonese
品牌  (AGWE) , /bɐn˧˥.paːĭ˨˩/ , cantonese
哦  (AGWE) , /ɔː˥/ , cantonese
唉  (AGWE) , /aːĭ˥/ , cantonese
唔  (AGWE) , /m˨˩/ , cantonese
啊  (AGWE) , /aː˥/ , cantonese
啦  (AGWE) , /laː˥/ , cantonese
喂  (AGWE) , /wɐi˧/ , cantonese
喔  (AGWE) , /wɔː˧/ , cantonese
嘛  (AGWE) , /maː˧/ , cantonese
四季如春  (AGWE) , /sei˧.ɡʷɐi˧.jyː˨˩.tsœːn˥/ , cantonese
四川  (AGWE) , /sei˧.tsyːn˥/ , cantonese
妄求  (AGWE) , /mɔːŋ˩˧.kɐu˨˩/ , cantonese
导游  (AGWE) , /dou˨.jɐu˨˩/ , cantonese
导游费  (AGWE) , /dou˨.jɐu˨˩.fɐi˧/ , cantonese
少少  (AGWE) , /siʊ˧˥.siʊ˧˥/ , cantonese
山西  (AGWE) , /saːn˥.sɐi˥/ , cantonese
工程  (AGWE) , /ɡuːŋ˥.tsiːŋ˨˩/ , cantonese
左  (AGWE) , /dzɔː˧˥/ , cantonese
年头  (AGWE) , /liːn˨˩.tɐu˨˩/ , cantonese
广之旅  (AGWE) , /ɡɔːŋ˧˥.dziː˥.lœy˩˧/ , cantonese
广先  (AGWE) , /ɡɔːŋ˧˥.siːn˥/ , cantonese
广州人  (AGWE) , /ɡɔːŋ˧˥.dzɐu˥.jɐn˨˩/ , cantonese
当地  (AGWE) , /dɔːŋ˥.dei˨/ , cantonese
想  (AGWE) , /sœːŋ˧˥/ , cantonese
我  (AGWE) , /ɔː˩˧/ , cantonese
扮嗮野  (AGWE) , /baːn˨.saːĭ˧.jɛː˩˧/ , cantonese
投诉  (AGWE) , /tɐu˨˩.sou˧/ , cantonese
推广团  (AGWE) , /tœy˥.ɡɔːŋ˧˥.tyːn˨˩/ , cantonese
断断续续  (AGWE) , /tyːn˩˧.tyːn˩˧.dzuːk˨.dzuːk˨/ , cantonese
旅行团  (AGWE) , /lœy˩˧.hɐŋ˨˩.tyːn˨˩/ , cantonese
时间  (AGWE) , /siː˨˩.ɡaːn˧/ , cantonese
有  (AGWE) , /jɐu˩˧/ , cantonese
机场  (AGWE) , /ɡei˥.tsœːŋ˨˩/ , cantonese
果啲  (AGWE) , /ɡɔː˧˥.diː˥/ , cantonese
民族  (AGWE) , /mɐn˨˩.dzuːk˨/ , cantonese
火车  (AGWE) , /fɔː˧˥.tsɛː˥/ , cantonese
玉龙雪山  (AGWE) , /jyːk˨.luːŋ˨˩.syːt˧.saːn˥/ , cantonese
畀  (AGWE) , /bei˧˥/ , cantonese
畅游  (AGWE) , /tsœːŋ˧.jɐu˨˩/ , cantonese
真系  (AGWE) , /dzɐn˥.hɐi˨/ , cantonese
细声  (AGWE) , /sɐi˧.sɛːŋ˥/ , cantonese
自己  (AGWE) , /dziː˨.ɡei˧˥/ , cantonese
蚊  (AGWE) , /mɐn˥/ , cantonese
要求  (AGWE) , /jiʊ˥.kɐu˨˩/ , cantonese
训觉  (AGWE) , /fɐn˧.ɡɔːk˧/ , cantonese
辛苦  (AGWE) , /sɐn˥.fuː˧˥/ , cantonese
都  (AGWE) , /dou˥/ , cantonese
野  (AGWE) , /jɛː˩˧/ , cantonese
银纸  (AGWE) , /ɐn˨˩.dziː˧˥/ , cantonese
门票  (AGWE) , /muːn˨˩.piʊ˧/ , cantonese
难听  (AGWE) , /laːn˨.tɛːŋ˥/ , cantonese
震到  (AGWE) , /dzɐn˧.dou˧/ , cantonese
青岛  (AGWE) , /tsɛːŋ˥.dou˧˥/ , cantonese
风光  (AGWE) , /fuːŋ˥.ɡɔːŋ˥/ , cantonese
飞机  (AGWE) , /fei˥.ɡei˥/ , cantonese
麻麻地  (AGWE) , /maː˨˩.maː˧˥.dei˩˧/ , cantonese
আহিছে  (AGWE) , /a.hi.sɛ/ , assamese
কৈছো  (AGWE) , /koi.sʊ/ , assamese
খবৰ  (AGWE) , /kʰɔ.bɔr/ , assamese
খবৰতো  (AGWE) , /kʰɔ.bɔ.rɔ.tʊ/ , assamese
গৈছো  (AGWE) , /ɡoi.sʊ/ , assamese
ঘৰতগৈ  (AGWE) , /ɡʰɔ.rɔ.tɔ.ɡoi/ , assamese
চাউলকেইটা  (AGWE) , /sa.u.lɔ.kɛ.i.ta/ , assamese
ধুইছো  (AGWE) , /dʰu.i.sʊ/ , assamese
নবনাও  (AGWE) , /nɔ.bɔ.na.o/ , assamese
বজাৰত  (AGWE) , /bɔ.za.rɔt/ , assamese
বনাব  (AGWE) , /bɔ.nab/ , assamese
আসিতেছে  (AGWE) , /a.ʃi.te.t̠ʃʰe/ , bengali
এতোটা  (AGWE) , /æ.to.ʈa/ , bengali
কদ্দিনে  (AGWE) , /kɔd.di.ne/ , bengali
চালাচ্ছে  (AGWE) , /t̠ʃa.lat̠ʃ.t̠ʃʰe/ , bengali
পন  (AGWE) , /pɔn/ , bengali
বেহায়া  (AGWE) , /be.ha.e.a/ , bengali
ভ্যাঁ  (AGWE) , /bʰæ̃/ , bengali
সবজি  (AGWE) , /ʃob.d̠ʒi/ , bengali
আছে  (AGWE) , /a.t̠ʃʰe/ , bengali
আছেন  (AGWE) , /a.t̠ʃʰen/ , bengali
আরেকটা  (AGWE) , /a.rek.ʈa/ , bengali
এ্যা  (AGWE) , /æ/ , bengali
কন  (AGWE) , /kɔn/ , bengali
করি  (AGWE) , /ko.ri/ , bengali
করিস  (AGWE) , /ko.riʃ/ , bengali
করেন  (AGWE) , /kɔ.ren/ , bengali
কে  (AGWE) , /ke/ , bengali
কোটে  (AGWE) , /ko.ʈe/ , bengali
গেছে  (AGWE) , /ɡæ.t̠ʃʰe/ , bengali
তাইতো  (AGWE) , /ta.i.to/ , bengali
তারপরে  (AGWE) , /tar.pɔ.re/ , bengali
দিবে  (AGWE) , /di.be/ , bengali
দে  (AGWE) , /de/ , bengali
না  (AGWE) , /na/ , bengali
নানা  (AGWE) , /na.na/ , bengali
বলবো  (AGWE) , /bol.bo/ , bengali
বলেন  (AGWE) , /bɔ.len/ , bengali
মনে  (AGWE) , /mo.ne/ , bengali
শিখছে  (AGWE) , /ʃikʰ.t̠ʃʰe/ , bengali
শুক্রবার  (AGWE) , /ʃu.kro.bar/ , bengali
শুনছো  (AGWE) , /ʃun.t̠ʃʰo/ , bengali
সাইকেল  (AGWE) , /sa.i.kel/ , bengali
হাঁ  (AGWE) , /hã/ , bengali
হ্যাঁ  (AGWE) , /hæ̃/ , bengali
হ্যালো  (AGWE) , /hæ.lo/ , bengali
انجنیر  (AGWE) , /en.d̠ʒe.ˈnjaɾ/ , pashto
انجینیرنګ  (AGWE) , /en.d̠ʒi.ne.ˈɾeŋɡ/ , pashto
باران  (AGWE) , /bɑ.ˈɾɑn/ , pashto
بجلي‌مجلي  (AGWE) , /bed̠ʒ.ˈliː med̠ʒ.ˈliː/ , pashto
بیمارېږي  (AGWE) , /biː.mɑ.ˈɾe.ʒiː/ , pashto
دی  (AGWE) , /ˈdaj/ , pashto
سړي  (AGWE) , /sa.ˈɽiː/ , pashto
سکول‌مسکول  (AGWE) , /ˈskuːl ma.ˈskuːl/ , pashto
شې  (AGWE) , /ˈʃe/ , pashto
هغه  (AGWE) , /ha.ˈɣə/ , pashto
هو  (AGWE) , /ˈho/ , pashto
وایه  (AGWE) , /ˈwɑ.ja/ , pashto
وعلیکم  (AGWE) , /wɑ.ˈlaj.kum/ , pashto
وي  (AGWE) , /ˈwiː/ , pashto
پرون  (AGWE) , /pa.ˈɾuːn/ , pashto
پرېوته  (AGWE) , /ˈpɾe.wa.ta/ , pashto
په  (AGWE) , /ˈpə/ , pashto
ځې  (AGWE) , /ˈdze/ , pashto
چې  (AGWE) , /ˈt̠ʃe/ , pashto
کالج‌مالج  (AGWE) , /kɑ.ˈləd̠ʒ mɑ.ˈləd̠ʒ/ , pashto
Avusturalya'dan  (AGWE) , /a.wus.tu.raɫ.ja.ˈdan/ , turkish
Miray'ı  (AGWE) , /mi.ra.ˈjɨ/ , turkish
alabiliyor  (AGWE) , /a.ˈɫa.bi.li.joɽ/ , turkish
anketleri  (AGWE) , /an.cet.le.ˈri/ , turkish
arayamayacaksın  (AGWE) , /a.rɨ.ˈja.mɨj.d̠ʒak.sɨn/ , turkish
arayamazlar  (AGWE) , /a.ra.ˈja.maz.ɫaɽ/ , turkish
arayamazsın  (AGWE) , /a.ra.ja.ˈmaz.sɨn/ , turkish
bağlanıyorum  (AGWE) , /baː.ɫa.ˈnɨ.jom/ , turkish
biliyorsan  (AGWE) , /bi.ˈli.jo.san/ , turkish
hoşlanmadım  (AGWE) , /hoʃ.ɫan.ma.ˈdɨm/ , turkish
kaçırma  (AGWE) , /ka.ˈt̠ʃɨr.ma/ , turkish
konuşamam  (AGWE) , /ko.nu.ˈʃa.mam/ , turkish
konuşamaz  (AGWE) , /ko.nu.ʃa.ˈmaz/ , turkish
konuşamıyorsun  (AGWE) , /ko.nu.ˈʃa.mɨ.jon/ , turkish
konuşuyormuş  (AGWE) , /ko.nu.ˈʃu.jor.muʃ/ , turkish
milyonmuş  (AGWE) , /mil.jon.ˈmuʃ/ , turkish
niçin  (AGWE) , /ni.ˈt̠ʃin/ , turkish
nişanlanmış  (AGWE) , /ni.ʃan.ɫan.ˈmɨʃ/ , turkish
olumsuz  (AGWE) , /o.ɫum.ˈsuz/ , turkish
otobüstesin  (AGWE) , /o.to.bys.te.ˈsin/ , turkish
sağlığına  (AGWE) , /saː.ɫɨː.ˈna/ , turkish
serbest  (AGWE) , /ser.ˈbest/ , turkish
uğraşamam  (AGWE) , /uː.ra.ʃa.ˈmam/ , turkish
uğraştım  (AGWE) , /uː.ˈraʃ.tɨm/ , turkish
uğraşıyorsun  (AGWE) , /uː.ra.ˈʃɨ.jon/ , turkish
verebiliyor  (AGWE) , /we.ˈre.bi.li.joɽ/ , turkish
şaşıyorum  (AGWE) , /ʃa.ˈʃɨ.jom/ , turkish
Allah  (AGWE) , /aɫ.ˈɫa/ , turkish
Avusturya'dan  (AGWE) , /a.wus.ˈtur.ja.dan/ , turkish
ablam  (AGWE) , /ab.ˈɫam/ , turkish
ablanla  (AGWE) , /ab.ˈɫan.ɫa/ , turkish
alo  (AGWE) , /a.ˈɫo/ , turkish
anladım  (AGWE) , /an.ɫa.ˈdɨm/ , turkish
anlamadım  (AGWE) , /an.ˈɫa.ma.dɨm/ , turkish
anlayacağın  (AGWE) , /an.ɫa.ja.ˈd̠ʒaːn/ , turkish
anneme  (AGWE) , /an.ne.ˈme/ , turkish
annene  (AGWE) , /an.ne.ˈne/ , turkish
aramıyorum  (AGWE) , /a.ˈra.mɨ.jom/ , turkish
arayabilir  (AGWE) , /a.ra.ja.bi.ˈliɽ/ , turkish
bakalım  (AGWE) , /ba.ka.ˈɫɨm/ , turkish
bilmiyorum  (AGWE) , /ˈbil.mi.jom/ , turkish
böyle  (AGWE) , /ˈbøj.le/ , turkish
daha  (AGWE) , /da.ˈa/ , turkish
dedin  (AGWE) , /ˈde.din/ , turkish
değilsin  (AGWE) , /deː.jil.ˈsin/ , turkish
değişik  (AGWE) , /deː.ji.ˈʃic/ , turkish
diyecektim  (AGWE) , /di.ji.d̠ʒec.ˈtim/ , turkish
düşünüyorsun  (AGWE) , /dy.ʃy.ˈny.jon/ , turkish
eğer  (AGWE) , /e.ˈjeɽ/ , turkish
görünüyor  (AGWE) , /ɟø.ry.ˈny.joɽ/ , turkish
hasta  (AGWE) , /has.ˈta/ , turkish
hayatında  (AGWE) , /ha.jaː.tɨn.ˈda/ , turkish
hayırdır  (AGWE) , /ha.ˈjɨr.dɨɽ/ , turkish
hı  (AGWE) , /ˈhɨ/ , turkish
ineceksin  (AGWE) , /i.ni.d̠ʒec.ˈsin/ , turkish
istersen  (AGWE) , /is.ˈter.sen/ , turkish
istiyorsan  (AGWE) , /is.ˈti.jo.san/ , turkish
işleri  (AGWE) , /iʃ.le.ˈri/ , turkish
kadarıyla  (AGWE) , /ka.da.ˈrɨj.ɫa/ , turkish
kanka  (AGWE) , /kan.ˈca/ , turkish
kapatıyor  (AGWE) , /ka.pa.ˈtɨ.joɽ/ , turkish
konuşayım  (AGWE) , /ko.nu.ˈʃa.jɨm/ , turkish
konuşmamız  (AGWE) , /ko.nuʃ.ma.ˈmɨz/ , turkish
lazımmış  (AGWE) , /la.ˈzɨm.mɨʃ/ , turkish
müsaitse  (AGWE) , /my.sa.it.ˈse/ , turkish
neyse  (AGWE) , /nej.ˈse/ , turkish
numaradan  (AGWE) , /nu.ma.ra.ˈdan/ , turkish
olman  (AGWE) , /oɫ.ˈman/ , turkish
otomatikman  (AGWE) , /o.to.ma.tic.ˈman/ , turkish
telefon  (AGWE) , /te.le.ˈfon/ , turkish
yani  (AGWE) , /jaː.ˈni/ , turkish
yapabilirsin  (AGWE) , /ja.pa.bi.ˈlir.sin/ , turkish
yapıyorsun  (AGWE) , /ja.ˈpɨ.jon/ , turkish
yaramaz  (AGWE) , /ja.ra.ˈmaz/ , turkish
yarın  (AGWE) , /ˈja.rɨn/ , turkish
yoksa  (AGWE) , /ˈjok.sa/ , turkish
yurt  (AGWE) , /ˈjurt/ , turkish
çekiyor  (AGWE) , /t̠ʃe.ˈci.joɽ/ , turkish
çekmiyor  (AGWE) , /ˈt̠ʃec.mi.joɽ/ , turkish
öyleymiş  (AGWE) , /øj.ˈlej.miʃ/ , turkish
'kaw  (AGWE) , /ˈkaʊ/ , tagalog
April  (AGWE) , /ˈʔei.prɪl/ , tagalog
Dex  (AGWE) , /ˈdɛks/ , tagalog
Facebook  (AGWE) , /ˈpeis.buk/ , tagalog
Jasper  (AGWE) , /ˈd̠ʒæs.pər/ , tagalog
Jester  (AGWE) , /ˈd̠ʒɛs.tər/ , tagalog
March  (AGWE) , /ˈmɑrt̠ʃ/ , tagalog
advises  (AGWE) , /ʔɐd.ˈbaɪ.ses/ , tagalog
alangan  (AGWE) , /ʔɐ.lɐ.ˈŋan/ , tagalog
ano  (AGWE) , /ʔɐ.ˈnu/ , tagalog
ano-ano  (AGWE) , /ʔɐ.ˌnu.ʔɐ.ˈno/ , tagalog
atin  (AGWE) , /ˈʔa.ten/ , tagalog
ay  (AGWE) , /ˈʔɐi/ , tagalog
ayoko  (AGWE) , /ʔɐ.ˈjo.ku/ , tagalog
baboy  (AGWE) , /ˈba.boɪ/ , tagalog
barkada  (AGWE) , /bɐr.ˈka.da/ , tagalog
bata  (AGWE) , /ˈba.taʔ/ , tagalog
bihira  (AGWE) , /bi.ˈhi.raʔ/ , tagalog
birthday  (AGWE) , /ˈbert.dei/ , tagalog
classmate  (AGWE) , /ˈklæs.meit/ , tagalog
daw  (AGWE) , /ˈdaʊ/ , tagalog
dito  (AGWE) , /ˈdi.tu/ , tagalog
gi-accept  (AGWE) , /ɡi.ʔɐ.ˈsep/ , tagalog
giadto  (AGWE) , /ɡi.ʔɐd.ˈtoʔ/ , tagalog
graduate  (AGWE) , /ˈɡra.d̠ʒu.weit/ , tagalog
ha  (AGWE) , /ˈʔa/ , tagalog
hek-hek  (AGWE) , /ˈhek.hek/ , tagalog
hello  (AGWE) , /hɛ.ˈlou/ , tagalog
hindi  (AGWE) , /ʔin.ˈdiʔ/ , tagalog
ikaw  (AGWE) , /ʔi.ˈkaʊ/ , tagalog
joke  (AGWE) , /ˈd̠ʒok/ , tagalog
ka-graduate  (AGWE) , /kɐ.ˈɡra.d̠ʒu.weit/ , tagalog
kagabi  (AGWE) , /kɐ.ɡɐ.ˈbe/ , tagalog
kay  (AGWE) , /ˈke/ , tagalog
klase  (AGWE) , /ˈkla.se/ , tagalog
kulang  (AGWE) , /ˈku.laŋ/ , tagalog
kumusta  (AGWE) , /ku.mus.ˈta/ , tagalog
lang  (AGWE) , /ˈla.ʔaŋ/ , tagalog
loko-loko  (AGWE) , /lu.ˌku.lu.ˈko/ , tagalog
lumabas  (AGWE) , /lu.mɐ.ˈbas/ , tagalog
marinig  (AGWE) , /mɐ.ri.ˈneɡ/ , tagalog
matakot  (AGWE) , /mɐ.ˈta.kot/ , tagalog
matanda  (AGWE) , /mɐ.tɐn.ˈdaʔ/ , tagalog
maybe  (AGWE) , /ˈmei.bi/ , tagalog
mga  (AGWE) , /mɐ.ˈŋaʔ/ , tagalog
mhm  (AGWE) , /ʔəm.ˌhəm/ , tagalog
minsan  (AGWE) , /ˈmin.san/ , tagalog
nabasa  (AGWE) , /nɐ.bɐ.ˈsaʔ/ , tagalog
nag-change  (AGWE) , /nɐɡ.ˈt̠ʃeind̠ʒ/ , tagalog
nag-status  (AGWE) , /nɐɡ.ʔis.ˈta.tus/ , tagalog
naghihintay  (AGWE) , /nɐɡ.ˌhi.hin.ˈtaɪ/ , tagalog
naka-text  (AGWE) , /nɐ.kɐ.ˈtekst/ , tagalog
oo  (AGWE) , /ˈʔo/ , tagalog
oras  (AGWE) , /ˈʔo.ras/ , tagalog
pa  (AGWE) , /ˈpa/ , tagalog
pangit  (AGWE) , /ˈpa.ŋet/ , tagalog
picture  (AGWE) , /ˈpɪ.t̠ʃər/ , tagalog
pinakita  (AGWE) , /pi.nɐ.ˈki.ta/ , tagalog
profile  (AGWE) , /ˈpro.paɪl/ , tagalog
si  (AGWE) , /ˈsi/ , tagalog
siguro  (AGWE) , /si.ˈɡu.ro/ , tagalog
taga-National  (AGWE) , /tɐ.ɡɐ.ˈna.ʃo.nal/ , tagalog
taga-Tubaan  (AGWE) , /tɐ.ɡɐ.tu.bɐ.ˈʔan/ , tagalog
tinitingnan  (AGWE) , /ti.ˌni.tiŋ.ˈnan/ , tagalog
treatment  (AGWE) , /ˈtrit.mənt/ , tagalog
wala  (AGWE) , /ʔɐ.ˈlaʔ/ , tagalog
wow  (AGWE) , /ˈwaʊ/ , tagalog
ஃபிரைட்  (AGWE) , /fi.ɾaiʈ/ , tamil
ஃபெவிகுவிக்க  (AGWE) , /fe.ʋi.ku.ʋik.ka/ , tamil
ஃபோனுனு  (AGWE) , /foː.nu.nu/ , tamil
அச்சச்சோ  (AGWE) , /at̠ʃ.t̠ʃat̠ʃ.t̠ʃoː/ , tamil
அனாற்கலில  (AGWE) , /a.naːɾ.ka.li.la/ , tamil
அப்டிப்பட்டவரா  (AGWE) , /ap.ʈip.paʈ.ʈa.ʋa.ɾaː/ , tamil
அப்பறன்டி  (AGWE) , /ap.pa.ɾan.ʈi/ , tamil
ஆத்துக்காருக்கு  (AGWE) , /aːt.tuk.kaː.ɾuk.ku/ , tamil
ஊரான்முட்டு  (AGWE) , /uː.ɾaːn.muʈ.ʈu/ , tamil
எனக்காடி  (AGWE) , /e.nak.kaː.ʈi/ , tamil
எம்பேச்சலாம்  (AGWE) , /em.peːt̠ʃ.t̠ʃa.laːm/ , tamil
ஒட்றதுல்ல  (AGWE) , /oʈ.ɾa.tul.la/ , tamil
ஒத்துப்பியா  (AGWE) , /ot.tup.pi.jaː/ , tamil
காரக்கொழம்பும்  (AGWE) , /kaː.ɾak.ko.ɭam.pum/ , tamil
கெடயாதுடி  (AGWE) , /ke.ʈa.jaː.tu.ʈi/ , tamil
கெத்தாடி  (AGWE) , /ket.taː.ʈi/ , tamil
கேக்கறேன்டி  (AGWE) , /keːk.ka.ɾeːn.ʈi/ , tamil
சாப்டுப்பாரு  (AGWE) , /t̠ʃaːp.ʈup.paː.ɾu/ , tamil
சாப்டேன்டி  (AGWE) , /t̠ʃaːp.ʈeːn.ʈi/ , tamil
சாம்பாரும்  (AGWE) , /t̠ʃaːm.paː.ɾum/ , tamil
சொல்ட்டேனடி  (AGWE) , /t̠ʃolʈ.ʈeː.na.ʈi/ , tamil
சொல்றேன்டி  (AGWE) , /t̠ʃol.ɾeːn.ʈi/ , tamil
சொல்லணுமா  (AGWE) , /t̠ʃol.la.ɳu.maː/ , tamil
சௌரியமா  (AGWE) , /t̠ʃau.ɾi.ja.maː/ , tamil
ஜாக்கிரயா  (AGWE) , /d̠ʒaːk.ki.ɾa.jaː/ , tamil
தப்பாயிடும்  (AGWE) , /tap.paː.ji.ʈum/ , tamil
திட்டிட்டேன்டி  (AGWE) , /tiʈ.ʈiʈ.ʈeːn.ʈi/ , tamil
தெரியுதாடி  (AGWE) , /te.ɾi.ju.taː.ʈi/ , tamil
தொடப்பக்கட்டலயே  (AGWE) , /to.ʈap.pak.kaʈ.ʈa.la.jeː/ , tamil
தொட்டுக்குறதுக்கு  (AGWE) , /toʈ.ʈuk.ku.ɾa.tuk.ku/ , tamil
பண்ட்டியாடி  (AGWE) , /paɳʈ.ʈi.jaː.ʈi/ , tamil
பத்துரூபானு  (AGWE) , /pat.tu.ɾuː.paː.nu/ , tamil
பரவால்லடி  (AGWE) , /pa.ɾa.ʋaːl.la.ʈi/ , tamil
பாத்தியாடி  (AGWE) , /paːt.ti.jaː.ʈi/ , tamil
பாரீஸ்ல  (AGWE) , /paː.ɾiːs.la/ , tamil
பார்றி  (AGWE) , /paːɾ.ɾi/ , tamil
புரியலடி  (AGWE) , /pu.ɾi.ja.la.ʈi/ , tamil
பேசிகிட்டுருக்க  (AGWE) , /peː.t̠ʃi.kiʈ.ʈu.ɾuk.ka/ , tamil
பேசுறதுன்னே  (AGWE) , /peː.t̠ʃu.ɾa.tun.neː/ , tamil
போய்ட்ருக்கேனா  (AGWE) , /poːjʈ.ɾuk.keː.naː/ , tamil
மதியானாமா  (AGWE) , /ma.ti.jaː.naː.maː/ , tamil
மறக்கிறது  (AGWE) , /ma.ɾak.ki.ɾa.tu/ , tamil
மாட்டாங்கடி  (AGWE) , /maːʈ.ʈaːŋ.ka.ʈi/ , tamil
மாமனார  (AGWE) , /maː.ma.naː.ɾa/ , tamil
மாறியாடி  (AGWE) , /maː.ɾi.jaː.ʈi/ , tamil
மூதேவி  (AGWE) , /muː.teː.ʋi/ , tamil
யாருதுனாவது  (AGWE) , /jaː.ɾu.tu.naː.ʋa.tu/ , tamil
ராஸ்கல்  (AGWE) , /ɾaːs.kal/ , tamil
லிப்ஸ்டிக்  (AGWE) , /lips.ʈik/ , tamil
வரமாட்டேன்ட்டாரு  (AGWE) , /ʋa.ɾa.maːʈ.ʈeːnʈ.ʈaː.ɾu/ , tamil
வாங்காதடினு  (AGWE) , /ʋaːŋ.kaː.ta.ʈi.nu/ , tamil
வெத்துவேட்டா  (AGWE) , /ʋet.tu.ʋeːʈ.ʈaː/ , tamil
வெளாயாடிகிட்டு  (AGWE) , /ʋe.ɭaː.jaː.ʈi.kiʈ.ʈu/ , tamil
வேணும்டி  (AGWE) , /ʋeː.ɳum.ʈi/ , tamil
ஃபோனா  (AGWE) , /foː.naː/ , tamil
ஃபோன்  (AGWE) , /foːn/ , tamil
அப்டியா  (AGWE) , /ap.ʈi.jaː/ , tamil
அப்டிலாம்  (AGWE) , /ap.ʈi.laːm/ , tamil
ஆமா  (AGWE) , /aː.maː/ , tamil
ஆமான்டி  (AGWE) , /aː.maːn.ʈi/ , tamil
ஆஹ்  (AGWE) , /aːh/ , tamil
இதெல்லாம்  (AGWE) , /i.tel.laːm/ , tamil
இருக்க  (AGWE) , /i.ɾuk.ka/ , tamil
இருக்கலாம்  (AGWE) , /i.ɾuk.ka.laːm/ , tamil
இருக்கா  (AGWE) , /i.ɾuk.kaː/ , tamil
இருக்குன்னு  (AGWE) , /i.ɾuk.kun.nu/ , tamil
இல்லப்பா  (AGWE) , /il.lap.paː/ , tamil
இல்லையா  (AGWE) , /il.lai.jaː/ , tamil
எனக்கு  (AGWE) , /e.nak.ku/ , tamil
என்னது  (AGWE) , /en.na.tu/ , tamil
எல்லாமே  (AGWE) , /el.laː.meː/ , tamil
ஏன்டி  (AGWE) , /eːn.ʈi/ , tamil
ஐய்யய்யோ  (AGWE) , /aij.jai.joː/ , tamil
கவலைப்படாத  (AGWE) , /ka.ʋa.laip.pa.ʈaː.ta/ , tamil
காட்ல  (AGWE) , /kaːʈ.la/ , tamil
காரக்கொழம்பு  (AGWE) , /kaː.ɾak.ko.ɭam.pu/ , tamil
கேக்குதா  (AGWE) , /keːk.ku.taː/ , tamil
கேக்குற  (AGWE) , /keːk.ku.ɾa/ , tamil
சரி  (AGWE) , /t̠ʃa.ɾi/ , tamil
சாப்ட  (AGWE) , /t̠ʃaːp.ʈa/ , tamil
சாப்டா  (AGWE) , /saːp.ʈaː/ , tamil
சாப்டியா  (AGWE) , /saːp.ʈi.jaː/ , tamil
சாப்டுட்டு  (AGWE) , /t̠ʃaːp.ʈuʈ.ʈu/ , tamil
சாப்டுறதுக்கு  (AGWE) , /t̠ʃaːp.ʈu.ɾa.tuk.ku/ , tamil
சாப்டேன்  (AGWE) , /saːp.ʈeːn/ , tamil
சொல்ற  (AGWE) , /t̠ʃol.ɾa/ , tamil
சொல்றதுக்கு  (AGWE) , /t̠ʃol.ɾa.tuk.ku/ , tamil
சொல்லிட்டேன்  (AGWE) , /t̠ʃol.liʈ.ʈeːn/ , tamil
சொல்லிருக்கேன்  (AGWE) , /t̠ʃol.li.ɾuk.keːn/ , tamil
தாண்டி  (AGWE) , /taːɳ.ʈi/ , tamil
தான்  (AGWE) , /taːn/ , tamil
தான்டி  (AGWE) , /taːn.ʈi/ , tamil
தி_நகர்ல  (AGWE) , /ti na.kaɾ.la/ , tamil
தெரிமா  (AGWE) , /te.ɾi.maː/ , tamil
தெரியுமே  (AGWE) , /te.ɾi.ju.meː/ , tamil
நீங்களும்  (AGWE) , /niːŋ.ka.ɭum/ , tamil
நெனச்சேன்  (AGWE) , /ne.nat̠ʃ.t̠ʃeːn/ , tamil
பண்ணிருக்காங்க  (AGWE) , /paɳ.ɳi.ɾuk.kaːŋ.ka/ , tamil
பரவால்ல  (AGWE) , /pa.ɾa.ʋaːl.la/ , tamil
புரியல  (AGWE) , /pu.ɾi.ja.la/ , tamil
பேசாத  (AGWE) , /peː.t̠ʃaː.ta/ , tamil
பேசுறேன்  (AGWE) , /peː.t̠ʃu.ɾeːn/ , tamil
போயிட்டிருக்கேன்  (AGWE) , /poː.jiʈ.ʈi.ɾuk.keːn/ , tamil
போற  (AGWE) , /poː.ɾa/ , tamil
ரொம்ப  (AGWE) , /ɾom.pa/ , tamil
லூஸ்  (AGWE) , /luːs/ , tamil
வந்துட்டாங்க  (AGWE) , /ʋan.tuʈ.ʈaːŋ.ka/ , tamil
வந்துட்டேன்  (AGWE) , /ʋan.tuʈ.ʈeːn/ , tamil
வேணாம்டி  (AGWE) , /ʋeː.ɳaːm.ʈi/ , tamil
வேண்டியதான  (AGWE) , /ʋeːɳ.ʈi.ja.taː.na/ , tamil
Murder  (AGWE) , /ˈmɜ.da/ , zulu
Njekshini  (AGWE) , /nd̠ʒeɠ.ˈʃi.ni/ , zulu
abaseGoli  (AGWE) , /a.ɓa.sɜ.ˈɡo.li/ , zulu
akabambe  (AGWE) , /a.ɠa.ˈɓa.mbe/ , zulu
akuzamele  (AGWE) , /a.ɠu.za.ˈmɜ.le/ , zulu
amaSuzu  (AGWE) , /a.ma.ˈsu.zu/ , zulu
amakati  (AGWE) , /a.ma.ˈɠa.tʼi/ , zulu
angeke  (AGWE) , /a.ˈŋɡɜ.ɠe/ , zulu
angikhulumisa  (AGWE) , /a.ŋɡi.kʰu.lu.ˈmi.sa/ , zulu
angimazi  (AGWE) , /a.ŋɡi.ˈma.zi/ , zulu
anginamoya  (AGWE) , /a.ŋɡi.na.ˈmɔ.ja/ , zulu
angisamufuni  (AGWE) , /a.ŋɡi.sa.mu.ˈfu.ni/ , zulu
angisazi  (AGWE) , /a.ŋɡi.ˈsa.zi/ , zulu
angsimugcwali  (AGWE) , /a.ŋɡi.si.mu.ˈɡǀʱwa.li/ , zulu
ashintshe  (AGWE) , /a.ˈʃi.nt̠ʃʼe/ , zulu
asikhulume  (AGWE) , /a.si.kʰu.ˈlu.me/ , zulu
asixoxe  (AGWE) , /a.si.ˈkǁɔ.kǁe/ , zulu
awazi  (AGWE) , /a.ˈwa.zi/ , zulu
awusheli  (AGWE) , /a.wu.ˈʃe.li/ , zulu
ayithengile  (AGWE) , /a.ji.tʰe.ˈŋɡi.le/ , zulu
baseGoli  (AGWE) , /ɓa.sɜ.ˈɡo.li/ , zulu
bengimgcwele  (AGWE) , /ɓe.ŋɡi.ˈmɡǀʱwɜ.le/ , zulu
benza  (AGWE) , /ˈɓɜ.nza/ , zulu
eGoli  (AGWE) , /ɜ.ˈɡo.li/ , zulu
eMaritzburg  (AGWE) , /ɜ.ma.ˈlitʼz.ɓulɡ/ , zulu
ebaXo  (AGWE) , /ɜ.ˈɓa.kǁo/ , zulu
ematekisini  (AGWE) , /ɜ.ma.tʼe.ɠi.ˈsi.ni/ , zulu
emateksini  (AGWE) , /ɜ.ma.tʼe.ˈɠsi.ni/ , zulu
ethroweni  (AGWE) , /ɜ.tʼlɔ.ˈwe.ni/ , zulu
eyiyona  (AGWE) , /e.ji.ˈjɔ.na/ , zulu
eyodwa  (AGWE) , /ɜ.ˈjɔ.dwa/ , zulu
ezosho  (AGWE) , /ɜ.ˈzɔ.ʃo/ , zulu
hawu  (AGWE) , /ˈɦa.wu/ , zulu
hayi  (AGWE) , /a.ˈji/ , zulu
hhayi  (AGWE) , /ˈɦa.ji/ , zulu
inetwork  (AGWE) , /i.nɜ.tʰi.ˈwɜ.kʰi/ , zulu
isekeni  (AGWE) , /i.sɜ.ˈɠe.ni/ , zulu
isikrebha  (AGWE) , /i.si.ˈkʼlɜ.ba/ , zulu
izolo  (AGWE) , /i.ˈzɔ.lo/ , zulu
izozinqamukela  (AGWE) , /i.zo.zi.nkǃa.mu.ˈɠɜ.la/ , zulu
kanti  (AGWE) , /ˈɠa.ntʼi/ , zulu
khuluma  (AGWE) , /ˈkʰu.lu.ma/ , zulu
kunocwaningo  (AGWE) , /ɠu.nɔ.kǀwa.ˈni.ŋɡo/ , zulu
kusasowumuntu  (AGWE) , /ɠu.sa.so.wu.ˈmu.ntʼu/ , zulu
kuyafana  (AGWE) , /ɠu.ˈja.fa.na/ , zulu
kuye  (AGWE) , /ˈɠu.je/ , zulu
kwenye  (AGWE) , /ˈɠwɜ.ɲe/ , zulu
lalela  (AGWE) , /la.ˈlɜ.la/ , zulu
lasudukluza  (AGWE) , /la.su.du.ˈkxu.za/ , zulu
leyomoto  (AGWE) , /lɜ.jɔ.ˈmɔ.tʼo/ , zulu
lezi  (AGWE) , /ˈlɜ.zi/ , zulu
lokho  (AGWE) , /ˈlɔ.kʰo/ , zulu
longize  (AGWE) , /lo.ˈŋɡi.ze/ , zulu
loyo  (AGWE) , /ˈlɔ.jo/ , zulu
mangimbona  (AGWE) , /ma.ŋɡi.ˈmɓɔ.na/ , zulu
mawumbona  (AGWE) , /ma.wu.ˈmɓɔ.na/ , zulu
nalamofana  (AGWE) , /na.la.mɔ.ˈfa.na/ , zulu
namanje  (AGWE) , /na.ˈma.nd̠ʒe/ , zulu
ngamaprivate  (AGWE) , /ŋɡa.ma.pʼla.ji.ˈvɜtʼ/ , zulu
ngaphakathi  (AGWE) , /ŋɡa.pʰa.ˈɠa.tʰi/ , zulu
ngimbonile  (AGWE) , /ŋɡi.mɓo.ˈni.le/ , zulu
ngimutshele  (AGWE) , /ŋɡi.mu.ˈt̠ʃʼɜ.le/ , zulu
nginomuntu  (AGWE) , /ŋɡi.no.ˈmu.ntʼu/ , zulu
ngiright  (AGWE) , /ŋɡi.ˈʁaj.tʰi/ , zulu
ngisamthanda  (AGWE) , /ŋɡi.sa.ˈmtʰa.nda/ , zulu
ngithe  (AGWE) , /ˈŋɡi.tʰe/ , zulu
ngiyakuzwa  (AGWE) , /ŋɡi.ja.ˈɠu.zwa/ , zulu
ngizomutshela  (AGWE) , /ŋɡi.zo.mu.ˈt̠ʃʼɜ.la/ , zulu
ngizozama  (AGWE) , /ŋɡi.zɔ.ˈza.ma/ , zulu
ngobani  (AGWE) , /ŋɡɔ.ˈɓa.ni/ , zulu
ngomkhuhlane  (AGWE) , /ŋɡo.mkʰu.ˈɬa.ne/ , zulu
njeya  (AGWE) , /ˈnd̠ʒɜ.ja/ , zulu
nomntwana  (AGWE) , /nɔ.ˈmntʼwa.na/ , zulu
ntambama  (AGWE) , /ntʼa.ˈmba.ma/ , zulu
number  (AGWE) , /ˈna.mba/ , zulu
ohho  (AGWE) , /ˈɔ.ɦo/ , zulu
olright  (AGWE) , /ˈal.ʁa.ji.tʼi/ , zulu
ombambile  (AGWE) , /ɔ.mɓa.ˈmɓi.le/ , zulu
sengiyakubona  (AGWE) , /se.ŋɡi.ja.ɠu.ˈɓɔ.na/ , zulu
shabhu  (AGWE) , /ˈʃa.bu/ , zulu
sikhulume  (AGWE) , /si.kʰu.ˈlu.me/ , zulu
siyaxoxa  (AGWE) , /si.ja.ˈkǁɔ.kǁa/ , zulu
siyixoxela  (AGWE) , /si.ji.kǁɔ.ˈkǁɜ.la/ , zulu
somfana  (AGWE) , /sɔ.ˈmfa.na/ , zulu
suka  (AGWE) , /ˈsu.ɠa/ , zulu
uMthabisi  (AGWE) , /u.mtʰa.ˈɓi.si/ , zulu
uMthamiz  (AGWE) , /u.ˈmtʰa.miz/ , zulu
uNgcebo  (AGWE) , /u.ˈŋɡǀʱɜ.ɓo/ , zulu
uNomakula  (AGWE) , /u.nɔ.ma.ˈɠu.la/ , zulu
uSthembile  (AGWE) , /u.stʰe.ˈmbi.le/ , zulu
uThobani  (AGWE) , /u.tʰɔ.ˈɓa.ni/ , zulu
uThys  (AGWE) , /ˈutʰjs/ , zulu
ubani  (AGWE) , /u.ˈɓa.ni/ , zulu
ucwaningo  (AGWE) , /u.kǀwa.ˈni.ŋɡo/ , zulu
udlulisani  (AGWE) , /u.ɮu.li.ˈsa.ni/ , zulu
ufunani  (AGWE) , /u.fu.ˈna.ni/ , zulu
ukhona  (AGWE) , /u.ˈkʰɔ.na/ , zulu
ukumutshela  (AGWE) , /u.ɠu.mu.ˈt̠ʃʼɜ.la/ , zulu
ukuthi  (AGWE) , /ˈɠu.tʰi/ , zulu
ulokhu  (AGWE) , /u.ˈlɔ.kʰu/ , zulu
umkhuhlane  (AGWE) , /u.mkʰu.ˈɬa.ne/ , zulu
umutshele  (AGWE) , /u.mu.ˈt̠ʃʼɜ.le/ , zulu
ungalenzi  (AGWE) , /u.ŋɡa.ˈle.nzi/ , zulu
ungayidrophi  (AGWE) , /u.ŋɡa.ji.ˈdlo.pʰi/ , zulu
ungifonela  (AGWE) , /u.ŋɡi.fɔ.ˈnɜ.la/ , zulu
ungifonelile  (AGWE) , /u.ŋɡi.fɔ.ne.ˈli.le/ , zulu
unokumbona  (AGWE) , /u.no.ɠu.ˈmɓɔ.na/ , zulu
unokungifonela  (AGWE) , /u.no.ɠu.ŋɡi.fɔ.ˈnɜ.la/ , zulu
uphi  (AGWE) , /ˈu.pʰi/ , zulu
uqondile  (AGWE) , /u.kǃo.ˈndi.le/ , zulu
usabambile  (AGWE) , /u.sa.ɓa.ˈmbi.le/ , zulu
usabheda  (AGWE) , /u.sa.ˈbɜ.da/ , zulu
usafundisa  (AGWE) , /u.sa.fu.ˈndi.sa/ , zulu
usegqabule  (AGWE) , /u.sɜ.ɡǃʱa.ˈɓu.le/ , zulu
usuyahlanya  (AGWE) , /u.su.ja.ˈɬa.ɲa/ , zulu
uxakwa  (AGWE) , /u.ˈkǁa.ɠwa/ , zulu
uya-organizer  (AGWE) , /ˈu.ja ɔ.ɡa.na.ˈji.za/ , zulu
uyabheda  (AGWE) , /u.ja.ˈbɜ.da/ , zulu
uyashela  (AGWE) , /u.ja.ˈʃɜ.la/ , zulu
uyawathanda  (AGWE) , /u.ja.wa.ˈtʰa.nda/ , zulu
uyayizwa  (AGWE) , /u.ja.ˈji.zwa/ , zulu
uyazithanda  (AGWE) , /u.ja.zi.ˈtʰa.nda/ , zulu
uyezwa  (AGWE) , /u.ˈjɜ.zwa/ , zulu
uyisidumbu  (AGWE) , /u.ji.si.ˈdu.mɓu/ , zulu
wakaMbedu  (AGWE) , /wa.ɠa.ˈmɓe.du/ , zulu
wenzeni  (AGWE) , /wɜ.ˈnzɜ.ni/ , zulu
womntanami  (AGWE) , /wɔ.mntʼa.ˈna.mi/ , zulu
ya  (AGWE) , /ˈja/ , zulu
yazi  (AGWE) , /ˈja.zi/ , zulu
yiphi  (AGWE) , /ˈji.pʰi/ , zulu
Grigiškėse  (AGWE) , /ˈɡrʲɪ.ɡʲɪ.ʃʲkʲeː.sʲɛ/ , lithuanian
Senukuose  (AGWE) , /sʲɛ.ˈnʊ.kʊɔ.sʲɛ/ , lithuanian
Sigitas  (AGWE) , /sʲɪ.ˈɡʲɪ.tas/ , lithuanian
ai  (AGWE) , /ˈaɪ/ , lithuanian
aišku  (AGWE) , /ˈaɪ.ʃkʊ/ , lithuanian
akcijas  (AGWE) , /ˈɑːk.tsʲɪ.jas/ , lithuanian
alio  (AGWE) , /a.ˈlʲoː/ , lithuanian
apalupkę  (AGWE) , /a.ˈpɑː.ɫʊpʲ.kʲæː/ , lithuanian
apylinkės  (AGWE) , /a.ˈpʲiː.lʲɪnʲ.kʲeːs/ , lithuanian
atsakingas  (AGWE) , /at.sa.ˈkʲɪn.ɡas/ , lithuanian
atšlaituos  (AGWE) , /at.ˈʃɫaɪ.tʊɔs/ , lithuanian
aštuoniasdešimt  (AGWE) , /a.ʃtʊɔ.nʲa.ˈzʲdʲæː.ʃʲɪmt/ , lithuanian
baldžius  (AGWE) , /ˈbalʲ.d̠ʒʲʊs/ , lithuanian
betonas  (AGWE) , /bʲɛ.ˈtɔ.nas/ , lithuanian
betonuoti  (AGWE) , /bʲɛ.tɔ.ˈnʊɔ.tʲɪ/ , lithuanian
birželio  (AGWE) , /bʲɪrʲ.ˈʒʲæː.lʲoː/ , lithuanian
bordiūrai  (AGWE) , /bɔrʲ.ˈdʲuː.raɪ/ , lithuanian
bruselius  (AGWE) , /ˈbrʊ.sʲɛ.lʲʊs/ , lithuanian
daroma  (AGWE) , /ˈdɑː.roː.ma/ , lithuanian
devyniasdešimt  (AGWE) , /dʲɛ.vʲiː.nʲazʲ.ˈdʲæː.ʃʲɪmt/ , lithuanian
dešimtos  (AGWE) , /dʲɛ.ˈʃʲɪm.toːs/ , lithuanian
dienos  (AGWE) , /dʲɪe.ˈnoːs/ , lithuanian
direktoriumi  (AGWE) , /dʲɪ.ˈrʲɛk.tɔ.rʲʊ.mʲɪ/ , lithuanian
ekskursija  (AGWE) , /ɛk.ˈskʊrʲ.sʲɪ.ja/ , lithuanian
ekskursijoj  (AGWE) , /ɛk.ˈskʊrʲ.sʲɪ.jɔj/ , lithuanian
europietiška  (AGWE) , /ɛʊ.rɔ.ˈpʲɪe.tʲɪ.ʃka/ , lithuanian
fabrike  (AGWE) , /ˈfɑː.bʲrʲɪ.kʲɛ/ , lithuanian
fanieros  (AGWE) , /fa.ˈnʲɪe.roːs/ , lithuanian
freza  (AGWE) , /ˈfʲrʲɛ.za/ , lithuanian
gamina  (AGWE) , /ɡa.ˈmʲɪ.na/ , lithuanian
gamykla  (AGWE) , /ɡa.ˈmʲiː.kɫa/ , lithuanian
gegužės  (AGWE) , /ˈɡʲæː.ɡʊ.ʒʲeːs/ , lithuanian
generaliniu  (AGWE) , /ɡʲɛ.nʲɛ.ˈrɑː.lʲɪ.nʲʊ/ , lithuanian
gerai  (AGWE) , /ɡʲɛ.ˈraɪ/ , lithuanian
granules  (AGWE) , /ˈɡrɑː.nʊ.lʲɛs/ , lithuanian
internete  (AGWE) , /ɪnʲ.tʲɛrʲ.ˈnʲɛ.tʲɛ/ , lithuanian
išlygins  (AGWE) , /ɪʃʲ.ˈlʲiː.ɡʲɪns/ , lithuanian
išpardavimai  (AGWE) , /ɪʃ.par.da.ˈvʲɪ.maɪ/ , lithuanian
išsilygina  (AGWE) , /ɪʃʲ.sʲɪ.ˈlʲiː.ɡʲɪ.na/ , lithuanian
išvažiavo  (AGWE) , /ɪʃ.va.ˈʒʲɑː.voː/ , lithuanian
kartoną  (AGWE) , /kar.ˈtɔ.nɑː/ , lithuanian
kažkokį  (AGWE) , /kaʃ.ˈkoː.kʲiː/ , lithuanian
klasiokas  (AGWE) , /kɫa.ˈsʲoː.kas/ , lithuanian
labas  (AGWE) , /ˈɫɑː.bas/ , lithuanian
laiptus  (AGWE) , /ˈɫaɪp.tʊs/ , lithuanian
lentynas  (AGWE) , /lʲɛnʲ.ˈtʲiː.nas/ , lithuanian
mašinas  (AGWE) , /ma.ʃʲɪ.ˈnas/ , lithuanian
mašinom  (AGWE) , /ma.ˈʃʲɪ.nɔm/ , lithuanian
medieną  (AGWE) , /mʲɛ.ˈdʲɪe.nɑː/ , lithuanian
medžiagas  (AGWE) , /ˈmʲæː.d̠ʒʲa.ɡas/ , lithuanian
medžiagos  (AGWE) , /mʲɛ.d̠ʒʲa.ˈɡoːs/ , lithuanian
nelabai  (AGWE) , /nʲɛ.ɫa.ˈbaɪ/ , lithuanian
nepadaro  (AGWE) , /nʲɛ.pa.ˈdɑː.roː/ , lithuanian
nepriliptų  (AGWE) , /nʲɛ.pʲrʲɪ.ˈlʲɪp.tuː/ , lithuanian
nevaikščiojom  (AGWE) , /nʲɛ.ˈvaɪk.ʃʲt̠ʃʲoː.jɔm/ , lithuanian
nežinau  (AGWE) , /nʲɛ.ʒʲɪ.ˈnaʊ/ , lithuanian
nu  (AGWE) , /ˈnʊ/ , lithuanian
nuomoja  (AGWE) , /ˈnʊɔ.moː.ja/ , lithuanian
nuvažiavom  (AGWE) , /nʊ.va.ˈʒʲɑː.vɔm/ , lithuanian
nuvedimą  (AGWE) , /nʊ.vʲɛ.ˈdʲɪ.mɑː/ , lithuanian
ortopedą  (AGWE) , /ɔr.tɔ.ˈpʲɛ.dɑː/ , lithuanian
padarysi  (AGWE) , /pa.da.ˈrʲiː.sʲɪ/ , lithuanian
padarytų  (AGWE) , /pa.da.ˈrʲiː.tuː/ , lithuanian
padėklo  (AGWE) , /pa.ˈdʲeː.kɫoː/ , lithuanian
padėklą  (AGWE) , /pa.ˈdʲeː.kɫɑː/ , lithuanian
pagaminti  (AGWE) , /pa.ɡa.ˈmʲɪnʲ.tʲɪ/ , lithuanian
pasiskambint  (AGWE) , /pa.sʲɪ.ˈskamʲ.bʲɪnt/ , lithuanian
paskirtas  (AGWE) , /pa.sʲkʲɪr.ˈtas/ , lithuanian
paskui  (AGWE) , /ˈpɑː.skʊi/ , lithuanian
patiko  (AGWE) , /pa.ˈtʲɪ.koː/ , lithuanian
pats  (AGWE) , /ˈpats/ , lithuanian
pavasarį  (AGWE) , /pa.ˈvɑː.sa.rʲiː/ , lithuanian
penki  (AGWE) , /pʲɛnʲ.ˈkʲɪ/ , lithuanian
pirmadienį  (AGWE) , /pʲɪr.ˈmɑː.dʲɪe.nʲiː/ , lithuanian
pirmos  (AGWE) , /ˈpʲɪr.moːs/ , lithuanian
plokštės  (AGWE) , /ˈpɫoːk.ʃʲtʲeːs/ , lithuanian
plėvelę  (AGWE) , /pʲlʲeː.ˈvʲæː.lʲæː/ , lithuanian
polikliniką  (AGWE) , /pɔ.lʲɪ.ˈklʲɪ.nʲɪ.kɑː/ , lithuanian
popierinius  (AGWE) , /poː.pʲɪe.ˈrʲɪ.nʲʊs/ , lithuanian
pradžioj  (AGWE) , /pra.ˈd̠ʒʲɔj/ , lithuanian
prieškambary  (AGWE) , /ˈpʲrʲɪeʃ.kam.ba.rʲiː/ , lithuanian
programa  (AGWE) , /prɔ.ɡra.ˈma/ , lithuanian
rankšluosčius  (AGWE) , /ˈrank.ʃɫʊɔ.ʃʲt̠ʃʲʊs/ , lithuanian
remiasi  (AGWE) , /ˈrʲæː.mʲa.sʲɪ/ , lithuanian
rytoj  (AGWE) , /rʲiː.ˈtɔj/ , lithuanian
sandėliuką  (AGWE) , /sanʲ.dʲeː.ˈlʲʊ.kɑː/ , lithuanian
sistema  (AGWE) , /sʲɪ.sʲtʲɛ.ˈma/ , lithuanian
specialūs  (AGWE) , /sʲpʲɛ.ˈtsʲɑː.ɫuːs/ , lithuanian
spintą  (AGWE) , /ˈsʲpʲɪn.tɑː/ , lithuanian
stelažus  (AGWE) , /sʲtʲɛ.ˈɫɑː.ʒʊs/ , lithuanian
su  (AGWE) , /ˈsʊ/ , lithuanian
susidėti  (AGWE) , /sʊ.sʲɪ.dʲeː.ˈtʲɪ/ , lithuanian
susineši  (AGWE) , /sʊ.sʲɪ.ˈnʲɛ.ʃʲɪ/ , lithuanian
susipažįsta  (AGWE) , /sʊ.sʲɪ.pa.ˈʒʲiː.sta/ , lithuanian
susipirkt  (AGWE) , /sʊ.sʲɪ.ˈpʲɪrkt/ , lithuanian
susirgusi  (AGWE) , /sʊ.ˈsʲɪr.ɡʊ.sʲɪ/ , lithuanian
svoris  (AGWE) , /ˈsvoː.rʲɪs/ , lithuanian
sąmatėlę  (AGWE) , /sɑː.ma.ˈtʲeː.lʲæː/ , lithuanian
tambūre  (AGWE) , /ˈtam.buː.rʲɛ/ , lithuanian
teisingai  (AGWE) , /tʲɛɪ.ˈsʲɪn.ɡaɪ/ , lithuanian
televizija  (AGWE) , /tʲɛ.lʲɛ.ˈvʲɪ.zʲɪ.ja/ , lithuanian
traktoriaus  (AGWE) , /ˈtrɑːk.toː.rʲaʊs/ , lithuanian
traktorius  (AGWE) , /ˈtrɑːk.tɔ.rʲʊs/ , lithuanian
traktorių  (AGWE) , /ˈtrɑːk.toː.rʲuː/ , lithuanian
truputėlį  (AGWE) , /trʊ.pʊ.ˈtʲeː.lʲiː/ , lithuanian
tualetinį  (AGWE) , /tʊ.a.ˈlʲɛ.tʲɪ.nʲiː/ , lithuanian
turėsiu  (AGWE) , /tʊ.ˈrʲeː.sʲʊ/ , lithuanian
tvarkinga  (AGWE) , /tvarʲ.ˈkʲɪn.ɡa/ , lithuanian
tvarką  (AGWE) , /ˈtvar.kɑː/ , lithuanian
užsilaikėm  (AGWE) , /ʊʃʲ.sʲɪ.ˈɫaɪ.kʲeːm/ , lithuanian
užsimaišai  (AGWE) , /ʊʃʲ.sʲɪ.maɪ.ˈʃaɪ/ , lithuanian
užsirašyt  (AGWE) , /ʊʃʲ.sʲɪ.ra.ˈʃʲiːt/ , lithuanian
užsiregistruot  (AGWE) , /ʊʃʲ.sʲɪ.rʲɛ.ɡʲɪ.ˈstrʊɔt/ , lithuanian
vaikiška  (AGWE) , /ˈvaɪ.kʲɪ.ʃka/ , lithuanian
vaikščiojom  (AGWE) , /ˈvaɪk.ʃʲt̠ʃʲoː.jɔm/ , lithuanian
valanda  (AGWE) , /ˈvɑː.ɫan.da/ , lithuanian
valandas  (AGWE) , /ˈvɑː.ɫan.das/ , lithuanian
valandos  (AGWE) , /va.ɫan.ˈdoːs/ , lithuanian
valandą  (AGWE) , /ˈvɑː.ɫan.dɑː/ , lithuanian
vedžiojo  (AGWE) , /vʲɛ.ˈd̠ʒʲoː.joː/ , lithuanian
vienam  (AGWE) , /vʲɪe.ˈnam/ , lithuanian
vienas  (AGWE) , /vʲɪe.ˈnas/ , lithuanian
visi  (AGWE) , /vʲɪ.ˈsʲɪ/ , lithuanian
viskas  (AGWE) , /ˈvʲɪs.kas/ , lithuanian
įsivaizduoju  (AGWE) , /iː.sʲɪ.vaɪ.ˈzdʊɔ.jʊ/ , lithuanian
įvairias  (AGWE) , /iː.vaɪ.ˈrʲas/ , lithuanian
šiandien  (AGWE) , /ˈʃʲanʲ.dʲɪen/ , lithuanian
šita  (AGWE) , /ˈʃʲɪ.ta/ , lithuanian
šulinukus  (AGWE) , /ʃʊ.lʲɪ.ˈnʊ.kʊs/ , lithuanian
švaru  (AGWE) , /ʃva.ˈrʊ/ , lithuanian
švarumo  (AGWE) , /ʃva.ˈrʊ.moː/ , lithuanian
žinau  (AGWE) , /ʒʲɪ.ˈnaʊ/ , lithuanian
žiūrėjom  (AGWE) , /ʒʲuː.ˈrʲeː.jɔm/ , lithuanian
žolytę  (AGWE) , /ʒoː.ˈlʲiː.tʲæː/ , lithuanian
Cinthia-ko  (AGWE) , /ˈsĩ.ntja.ko/ , guarani
Hospital  (AGWE) , /os.pi.ˈtal/ , guarani
Martita-pe  (AGWE) , /mãɾ.ˈti.ta.pe/ , guarani
camping-kuéra  (AGWE) , /ˌkãm.pĩ.ˈkwe.ɾa/ , guarani
deúda  (AGWE) , /ˈdew.ða/ , guarani
dirihentekuéra  (AGWE) , /di.ɾi.ˌxẽn.teh.ˈkwe.ɾa/ , guarani
dirihentekuérape  (AGWE) , /di.ɾi.ˌxẽn.teh.ˈkwe.ɾa.pe/ , guarani
ipyahupaiténgo  (AGWE) , /i.pɨ.a.hu.paj.ˈte.ŋɡo/ , guarani
japagapaite  (AGWE) , /d̠ʒa.pa.ˌɣa.paj.ˈte/ , guarani
japrojekta  (AGWE) , /d̠ʒa.pɾo.ʝek.ˈta/ , guarani
kampamentorã  (AGWE) , /kãm.pã.ˌmẽn.to.ˈɾã/ , guarani
kampaménto  (AGWE) , /kãm.pã.ˈmẽn.to/ , guarani
kapasitasiõ'i  (AGWE) , /ka.pa.si.ta.ˌsjõ.ˈʔi/ , guarani
kapelukuéra  (AGWE) , /ka.pe.lu.ˈkwe.ɾa/ , guarani
konsúmo  (AGWE) , /kõn.ˈsũ.mõ/ , guarani
napenavéintema  (AGWE) , /nã.pẽ.ˌnã.ˈvej.ntẽ.mã/ , guarani
nasionalrã  (AGWE) , /nã.sjõ.ˌnãl.ˈɾã/ , guarani
ndohovéingo  (AGWE) , /ndo.ho.ˈvej.ŋɡo/ , guarani
ndoroguerekóiva  (AGWE) , /ndo.ɾo.ɾe.ˈkoj.va/ , guarani
ochentakuéra  (AGWE) , /o.ˌʃẽ.ntã.ˈkwe.ɾa/ , guarani
odominaiterei  (AGWE) , /o.ðõ.mĩ.ˌnãj.te.ɾe.ˈi/ , guarani
orefelisita  (AGWE) , /o.ɾe.fe.li.si.ˈta/ , guarani
oñedominaukaiterei  (AGWE) , /õ.ɲẽ.ðõ.mĩ.ˌnã.kaj.te.ɾe.ˈi/ , guarani
patronalrã  (AGWE) , /pa.tʂõ.ˌnãl.ˈɾã/ , guarani
petisa'i  (AGWE) , /pe.ˌti.sa.ˈʔi/ , guarani
roga'ikuéra  (AGWE) , /ɾo.ɰa.ʔi.ˈkwe.ɾa/ , guarani
roiporuka  (AGWE) , /ɾoj.po.ɾu.ˈka/ , guarani
rojo'o  (AGWE) , /ɾo.d̠ʒo.ˈʔo/ , guarani
rokonektapáma  (AGWE) , /ɾo.kõ.nẽk.ˌta.ˈpa.mã/ , guarani
rokonektauka  (AGWE) , /ɾo.kõ.nẽh.ˌta.ˈka/ , guarani
ropinta  (AGWE) , /ɾo.pĩn.ˈta/ , guarani
roñerreuníta  (AGWE) , /ɾõ.ɲẽ.rẽw.ˈnĩ.ta/ , guarani
rretáso  (AGWE) , /re.ˈta.so/ , guarani
sosiokuéra  (AGWE) , /ˌso.sjoh.ˈkwe.ɾa/ , guarani
ñakumpli  (AGWE) , /ɲã.kũm.ˈpli/ , guarani
ñañembyaty  (AGWE) , /ɲã.ɲẽ.mbɨ.a.ˈtɨ/ , guarani
Gabi  (AGWE) , /ˈɡa.βi/ , guarani
ahendu  (AGWE) , /a.hẽ.ˈndu/ , guarani
ajerure  (AGWE) , /a.d̠ʒe.ɾu.ˈɾe/ , guarani
ajuda  (AGWE) , /a.d̠ʒu.ˈða/ , guarani
amo  (AGWE) , /ã.ˈmõɾ/ , guarani
amoite  (AGWE) , /ã.mõj.ˈte/ , guarani
che  (AGWE) , /ˈʃe/ , guarani
domíngo  (AGWE) , /dõ.ˈmĩŋ.ɡo/ , guarani
ehpektakula  (AGWE) , /ˌʔes.pek.ta.ku.ˈlaɾ/ , guarani
ekonsegi  (AGWE) , /e.kõn.se.ˈɣi/ , guarani
grúpo  (AGWE) , /ˈɡɾu.po/ , guarani
guare  (AGWE) , /ɰwa.ˈɾe/ , guarani
ha  (AGWE) , /ˈha/ , guarani
ha'e  (AGWE) , /ha.ˈʔe/ , guarani
haguére  (AGWE) , /ha.ˈɰwe.ɾe/ , guarani
hag̃uáicha  (AGWE) , /hã.ˈɰ̃wãj.ʃã/ , guarani
hendivekuéra  (AGWE) , /hẽ.ndi.e.ˈkwe.ɾa/ , guarani
hikuái  (AGWE) , /hi.ˈkwej/ , guarani
hína  (AGWE) , /ˌʔi.nã/ , guarani
hẽe  (AGWE) , /hẽ.ˈe/ , guarani
ipochy  (AGWE) , /i.po.ˈʃɨ/ , guarani
jaarregla  (AGWE) , /d̠ʒa.re.ˈɣla/ , guarani
jahechátako  (AGWE) , /d̠ʒa.he.ˈʃa.ta.ko/ , guarani
ko  (AGWE) , /ˈko/ , guarani
ko'ápe  (AGWE) , /ko.ˈʔa.pe/ , guarani
ku  (AGWE) , /ˈku/ , guarani
kómo  (AGWE) , /ˈko.mõ/ , guarani
la  (AGWE) , /ˈla/ , guarani
mba'eteko  (AGWE) , /mba.ʔe.te.ˈko/ , guarani
mitãnguéra  (AGWE) , /mĩ.tã.ˈŋɡwe.ɾa/ , guarani
mokõivéva  (AGWE) , /mõ.kõj.ˈve.a/ , guarani
nachemandu'ái  (AGWE) , /nã.ʃẽ.mã.ndu.ˈʔaj/ , guarani
ndaikuaaimi  (AGWE) , /ndaj.kwa.ãj.ˈmĩ/ , guarani
ndoavisái  (AGWE) , /ndo.a.βi.ˈsaj/ , guarani
oguerekopa  (AGWE) , /o.ɾe.ko.ˈpa/ , guarani
omakanea  (AGWE) , /õ.mã.kã.nẽ.ˈa/ , guarani
ovy'aiterei  (AGWE) , /o.ɨ.ʔaj.te.ɾe.ˈi/ , guarani
pe  (AGWE) , /ˈpe/ , guarani
peteĩ  (AGWE) , /pẽ.tẽ.ˈĩ/ , guarani
péro  (AGWE) , /ˈpe.ɾo/ , guarani
pórke  (AGWE) , /ˈpoɾ.ke/ , guarani
roguereko  (AGWE) , /ɾo.ɾe.ˈko/ , guarani
romopotĩ  (AGWE) , /ɾõ.mõ.põ.ˈtĩ/ , guarani
rrúvia  (AGWE) , /ˈru.βja/ , guarani
siénto  (AGWE) , /ˈsjẽn.to/ , guarani
upéicha  (AGWE) , /ˈpej.ʃa/ , guarani
upéva  (AGWE) , /ˈpe.va/ , guarani
upévare  (AGWE) , /ˈpe.va.ɾe/ , guarani
veintisínko  (AGWE) , /bejn.ti.ˈsĩŋ.ko/ , guarani
veínte  (AGWE) , /ˈbejn.te/ , guarani
visíta  (AGWE) , /bi.ˈsi.ta/ , guarani
y  (AGWE) , /ˈʔɨ/ , guarani
ñande  (AGWE) , /ɲã.ˈnẽ/ , guarani
ñañemongeta  (AGWE) , /ɲã.ɲẽ.mõ.ŋɡe.ˈta/ , guarani
Chineke  (AGWE) , /t̠ʃi.ne.ke/ , igbo
achara  (AGWE) , /a.t̠ʃa.la/ , igbo
ahia  (AGWE) , /a.ɥʲa/ , igbo
ahu  (AGWE) , /a.ɥ̃ʊ/ , igbo
aka  (AGWE) , /a.kʰa/ , igbo
anyi  (AGWE) , /a.ɲɪ/ , igbo
asii  (AGWE) , /a.ʃɪ.ɪ/ , igbo
asina  (AGWE) , /a.ʃɪ.na/ , igbo
asusu  (AGWE) , /a.sʊ.sʊ/ , igbo
bu  (AGWE) , /bu/ , igbo
bula  (AGWE) , /bʊ.na/ , igbo
ebiele  (AGWE) , /e.bi.e.le/ , igbo
ee  (AGWE) , /e.e/ , igbo
ehee  (AGWE) , /e.ɥe.e/ , igbo
emeriela  (AGWE) , /e.me.rʲe.la/ , igbo
ga-ekelechara  (AGWE) , /ɡa.e.ke.le.t̠ʃa.ra/ , igbo
ga-isu  (AGWE) , /ɡa.ɪ.sʊ/ , igbo
gbo  (AGWE) , /ɡbo/ , igbo
ka  (AGWE) , /ka/ , igbo
kelekwara  (AGWE) , /kɛ.lɛ.kʷa.ɾa/ , igbo
laruokwala  (AGWE) , /la.ru.o.kʷa.la/ , igbo
lawakwaranu  (AGWE) , /la.wa.kʷa.ra.nʊ/ , igbo
lawara  (AGWE) , /na.ba.ɾa/ , igbo
maa  (AGWE) , /ma.a/ , igbo
maazi  (AGWE) , /ma.a.zɪ/ , igbo
maka  (AGWE) , /ma.ka/ , igbo
mmiri  (AGWE) , /m̩.mi.li/ , igbo
n'anya  (AGWE) , /na.ɲa/ , igbo
n'ekwenti  (AGWE) , /nɛ.kʷɛ.n̩.tɪ/ , igbo
n'obodo  (AGWE) , /no.bo.do/ , igbo
na  (AGWE) , /na/ , igbo
na-ekuru  (AGWE) , /na.e.ku.ru/ , igbo
na-eterekwanu  (AGWE) , /na.e.te.re.kʷa.nʊ/ , igbo
ndaa  (AGWE) , /n̩.da.a/ , igbo
ndi  (AGWE) , /n̩.di/ , igbo
ngwa  (AGWE) , /n̩.ɡʷʰa/ , igbo
nri  (AGWE) , /n̩.ri/ , igbo
nsogbu  (AGWE) , /n̩.so.ɓu/ , igbo
nwezi  (AGWE) , /ŋʷe.zi/ , igbo
o  (AGWE) , /ɔ/ , igbo
ocha  (AGWE) , /o.t̠ʃa/ , igbo
onye  (AGWE) , /ɔ.ɲe/ , igbo
onyeisi  (AGWE) , /o.ɲe.i.ʃi/ , igbo
umu  (AGWE) , /u.mu/ , igbo
ututu  (AGWE) , /ʊ.ʔʊ.ʔʊ/ , igbo
weenaaniya  (AGWE) , /we.e.na.a.nɪ.ja/ , igbo
weenaniya  (AGWE) , /we.e.na.nɪ.ja/ , igbo
