三清山 , /saːm˥.tsɛːŋ˥.saːn˥/ , cantonese
九寨沟 , /ɡɐu˧˥.dzaːĭ˨.kɐu˥/ , cantonese
二十三 , /jiː˨.aː˨.saːm˥/ , cantonese
二十八号 , /jiː˨.aː˨.baːt˧.hou˧˥/ , cantonese
云南 , /wɐn˨˩.laːm˨˩/ , cantonese
伴 , /buːn˨/ , cantonese
你 , /lei˩˧/ , cantonese
包住 , /baːŭ˥.dzyː˨/ , cantonese
包食 , /baːŭ˥.siːk˨/ , cantonese
十二 , /sɐp˨.jiː˨/ , cantonese
千四 , /tsiːn˥.sei˧/ , cantonese
南国旅 , /laːm˨˩.ɡɔːk˧.lœy˩˧/ , cantonese
去 , /hœy˧/ , cantonese
去到 , /hœy˧.dou˧/ , cantonese
去唔去 , /hœy˧.m˨˩.hœy˧/ , cantonese
双黄 , /sœːŋ˥.wɔːŋ˨˩/ , cantonese
叫 , /ɡiʊ˧/ , cantonese
听到 , /tɛːŋ˥.dou˧˥/ , cantonese
听得 , /tɛːŋ˥.dɐk˥/ , cantonese
咋 , /dzaː˥/ , cantonese
咯 , /lɔː˥/ , cantonese
品牌 , /bɐn˧˥.paːĭ˨˩/ , cantonese
哦 , /ɔː˥/ , cantonese
唉 , /aːĭ˥/ , cantonese
唔 , /m˨˩/ , cantonese
啊 , /aː˥/ , cantonese
啦 , /laː˥/ , cantonese
喂 , /wɐi˧/ , cantonese
喔 , /wɔː˧/ , cantonese
嘛 , /maː˧/ , cantonese
四季如春 , /sei˧.ɡʷɐi˧.jyː˨˩.tsœːn˥/ , cantonese
四川 , /sei˧.tsyːn˥/ , cantonese
妄求 , /mɔːŋ˩˧.kɐu˨˩/ , cantonese
导游 , /dou˨.jɐu˨˩/ , cantonese
导游费 , /dou˨.jɐu˨˩.fɐi˧/ , cantonese
少少 , /siʊ˧˥.siʊ˧˥/ , cantonese
山西 , /saːn˥.sɐi˥/ , cantonese
工程 , /ɡuːŋ˥.tsiːŋ˨˩/ , cantonese
左 , /dzɔː˧˥/ , cantonese
年头 , /liːn˨˩.tɐu˨˩/ , cantonese
广之旅 , /ɡɔːŋ˧˥.dziː˥.lœy˩˧/ , cantonese
广先 , /ɡɔːŋ˧˥.siːn˥/ , cantonese
广州人 , /ɡɔːŋ˧˥.dzɐu˥.jɐn˨˩/ , cantonese
当地 , /dɔːŋ˥.dei˨/ , cantonese
想 , /sœːŋ˧˥/ , cantonese
我 , /ɔː˩˧/ , cantonese
扮嗮野 , /baːn˨.saːĭ˧.jɛː˩˧/ , cantonese
投诉 , /tɐu˨˩.sou˧/ , cantonese
推广团 , /tœy˥.ɡɔːŋ˧˥.tyːn˨˩/ , cantonese
断断续续 , /tyːn˩˧.tyːn˩˧.dzuːk˨.dzuːk˨/ , cantonese
旅行团 , /lœy˩˧.hɐŋ˨˩.tyːn˨˩/ , cantonese
时间 , /siː˨˩.ɡaːn˧/ , cantonese
有 , /jɐu˩˧/ , cantonese
机场 , /ɡei˥.tsœːŋ˨˩/ , cantonese
果啲 , /ɡɔː˧˥.diː˥/ , cantonese
民族 , /mɐn˨˩.dzuːk˨/ , cantonese
火车 , /fɔː˧˥.tsɛː˥/ , cantonese
玉龙雪山 , /jyːk˨.luːŋ˨˩.syːt˧.saːn˥/ , cantonese
畀 , /bei˧˥/ , cantonese
畅游 , /tsœːŋ˧.jɐu˨˩/ , cantonese
真系 , /dzɐn˥.hɐi˨/ , cantonese
细声 , /sɐi˧.sɛːŋ˥/ , cantonese
自己 , /dziː˨.ɡei˧˥/ , cantonese
蚊 , /mɐn˥/ , cantonese
要求 , /jiʊ˥.kɐu˨˩/ , cantonese
训觉 , /fɐn˧.ɡɔːk˧/ , cantonese
辛苦 , /sɐn˥.fuː˧˥/ , cantonese
都 , /dou˥/ , cantonese
野 , /jɛː˩˧/ , cantonese
银纸 , /ɐn˨˩.dziː˧˥/ , cantonese
门票 , /muːn˨˩.piʊ˧/ , cantonese
难听 , /laːn˨.tɛːŋ˥/ , cantonese
震到 , /dzɐn˧.dou˧/ , cantonese
青岛 , /tsɛːŋ˥.dou˧˥/ , cantonese
风光 , /fuːŋ˥.ɡɔːŋ˥/ , cantonese
飞机 , /fei˥.ɡei˥/ , cantonese
麻麻地 , /maː˨˩.maː˧˥.dei˩˧/ , cantonese
আহিছে , /a.hi.sɛ/ , assamese
কৈছো , /koi.sʊ/ , assamese
খবৰ , /kʰɔ.bɔr/ , assamese
খবৰতো , /kʰɔ.bɔ.rɔ.tʊ/ , assamese
গৈছো , /ɡoi.sʊ/ , assamese
ঘৰতগৈ , /ɡʰɔ.rɔ.tɔ.ɡoi/ , assamese
চাউলকেইটা , /sa.u.lɔ.kɛ.i.ta/ , assamese
ধুইছো , /dʰu.i.sʊ/ , assamese
নবনাও , /nɔ.bɔ.na.o/ , assamese
বজাৰত , /bɔ.za.rɔt/ , assamese
বনাব , /bɔ.nab/ , assamese
আসিতেছে , /a.ʃi.te.t̠ʃʰe/ , bengali
এতোটা , /æ.to.ʈa/ , bengali
কদ্দিনে , /kɔd.di.ne/ , bengali
চালাচ্ছে , /t̠ʃa.lat̠ʃ.t̠ʃʰe/ , bengali
পন , /pɔn/ , bengali
বেহায়া , /be.ha.e.a/ , bengali
ভ্যাঁ , /bʰæ̃/ , bengali
সবজি , /ʃob.d̠ʒi/ , bengali
আছে , /a.t̠ʃʰe/ , bengali
আছেন , /a.t̠ʃʰen/ , bengali
আরেকটা , /a.rek.ʈa/ , bengali
এ্যা , /æ/ , bengali
কন , /kɔn/ , bengali
করি , /ko.ri/ , bengali
করিস , /ko.riʃ/ , bengali
করেন , /kɔ.ren/ , bengali
কে , /ke/ , bengali
কোটে , /ko.ʈe/ , bengali
গেছে , /ɡæ.t̠ʃʰe/ , bengali
তাইতো , /ta.i.to/ , bengali
তারপরে , /tar.pɔ.re/ , bengali
দিবে , /di.be/ , bengali
দে , /de/ , bengali
না , /na/ , bengali
নানা , /na.na/ , bengali
বলবো , /bol.bo/ , bengali
বলেন , /bɔ.len/ , bengali
মনে , /mo.ne/ , bengali
শিখছে , /ʃikʰ.t̠ʃʰe/ , bengali
শুক্রবার , /ʃu.kro.bar/ , bengali
শুনছো , /ʃun.t̠ʃʰo/ , bengali
সাইকেল , /sa.i.kel/ , bengali
হাঁ , /hã/ , bengali
হ্যাঁ , /hæ̃/ , bengali
হ্যালো , /hæ.lo/ , bengali
انجنیر , /en.d̠ʒe.ˈnjaɾ/ , pashto
انجینیرنګ , /en.d̠ʒi.ne.ˈɾeŋɡ/ , pashto
باران , /bɑ.ˈɾɑn/ , pashto
بجلي‌مجلي , /bed̠ʒ.ˈliː med̠ʒ.ˈliː/ , pashto
بیمارېږي , /biː.mɑ.ˈɾe.ʒiː/ , pashto
دی , /ˈdaj/ , pashto
سړي , /sa.ˈɽiː/ , pashto
سکول‌مسکول , /ˈskuːl ma.ˈskuːl/ , pashto
شې , /ˈʃe/ , pashto
هغه , /ha.ˈɣə/ , pashto
هو , /ˈho/ , pashto
وایه , /ˈwɑ.ja/ , pashto
وعلیکم , /wɑ.ˈlaj.kum/ , pashto
وي , /ˈwiː/ , pashto
پرون , /pa.ˈɾuːn/ , pashto
پرېوته , /ˈpɾe.wa.ta/ , pashto
په , /ˈpə/ , pashto
ځې , /ˈdze/ , pashto
چې , /ˈt̠ʃe/ , pashto
کالج‌مالج , /kɑ.ˈləd̠ʒ mɑ.ˈləd̠ʒ/ , pashto
Avusturalya'dan , /a.wus.tu.raɫ.ja.ˈdan/ , turkish
Miray'ı , /mi.ra.ˈjɨ/ , turkish
alabiliyor , /a.ˈɫa.bi.li.joɽ/ , turkish
anketleri , /an.cet.le.ˈri/ , turkish
arayamayacaksın , /a.rɨ.ˈja.mɨj.d̠ʒak.sɨn/ , turkish
arayamazlar , /a.ra.ˈja.maz.ɫaɽ/ , turkish
arayamazsın , /a.ra.ja.ˈmaz.sɨn/ , turkish
bağlanıyorum , /baː.ɫa.ˈnɨ.jom/ , turkish
biliyorsan , /bi.ˈli.jo.san/ , turkish
hoşlanmadım , /hoʃ.ɫan.ma.ˈdɨm/ , turkish
kaçırma , /ka.ˈt̠ʃɨr.ma/ , turkish
konuşamam , /ko.nu.ˈʃa.mam/ , turkish
konuşamaz , /ko.nu.ʃa.ˈmaz/ , turkish
konuşamıyorsun , /ko.nu.ˈʃa.mɨ.jon/ , turkish
konuşuyormuş , /ko.nu.ˈʃu.jor.muʃ/ , turkish
milyonmuş , /mil.jon.ˈmuʃ/ , turkish
niçin , /ni.ˈt̠ʃin/ , turkish
nişanlanmış , /ni.ʃan.ɫan.ˈmɨʃ/ , turkish
olumsuz , /o.ɫum.ˈsuz/ , turkish
otobüstesin , /o.to.bys.te.ˈsin/ , turkish
sağlığına , /saː.ɫɨː.ˈna/ , turkish
serbest , /ser.ˈbest/ , turkish
uğraşamam , /uː.ra.ʃa.ˈmam/ , turkish
uğraştım , /uː.ˈraʃ.tɨm/ , turkish
uğraşıyorsun , /uː.ra.ˈʃɨ.jon/ , turkish
verebiliyor , /we.ˈre.bi.li.joɽ/ , turkish
şaşıyorum , /ʃa.ˈʃɨ.jom/ , turkish
Allah , /aɫ.ˈɫa/ , turkish
Avusturya'dan , /a.wus.ˈtur.ja.dan/ , turkish
ablam , /ab.ˈɫam/ , turkish
ablanla , /ab.ˈɫan.ɫa/ , turkish
alo , /a.ˈɫo/ , turkish
anladım , /an.ɫa.ˈdɨm/ , turkish
anlamadım , /an.ˈɫa.ma.dɨm/ , turkish
anlayacağın , /an.ɫa.ja.ˈd̠ʒaːn/ , turkish
anneme , /an.ne.ˈme/ , turkish
annene , /an.ne.ˈne/ , turkish
aramıyorum , /a.ˈra.mɨ.jom/ , turkish
arayabilir , /a.ra.ja.bi.ˈliɽ/ , turkish
bakalım , /ba.ka.ˈɫɨm/ , turkish
bilmiyorum , /ˈbil.mi.jom/ , turkish
böyle , /ˈbøj.le/ , turkish
daha , /da.ˈa/ , turkish
dedin , /ˈde.din/ , turkish
değilsin , /deː.jil.ˈsin/ , turkish
değişik , /deː.ji.ˈʃic/ , turkish
diyecektim , /di.ji.d̠ʒec.ˈtim/ , turkish
düşünüyorsun , /dy.ʃy.ˈny.jon/ , turkish
eğer , /e.ˈjeɽ/ , turkish
görünüyor , /ɟø.ry.ˈny.joɽ/ , turkish
hasta , /has.ˈta/ , turkish
hayatında , /ha.jaː.tɨn.ˈda/ , turkish
hayırdır , /ha.ˈjɨr.dɨɽ/ , turkish
hı , /ˈhɨ/ , turkish
ineceksin , /i.ni.d̠ʒec.ˈsin/ , turkish
istersen , /is.ˈter.sen/ , turkish
istiyorsan , /is.ˈti.jo.san/ , turkish
işleri , /iʃ.le.ˈri/ , turkish
kadarıyla , /ka.da.ˈrɨj.ɫa/ , turkish
kanka , /kan.ˈca/ , turkish
kapatıyor , /ka.pa.ˈtɨ.joɽ/ , turkish
konuşayım , /ko.nu.ˈʃa.jɨm/ , turkish
konuşmamız , /ko.nuʃ.ma.ˈmɨz/ , turkish
lazımmış , /la.ˈzɨm.mɨʃ/ , turkish
müsaitse , /my.sa.it.ˈse/ , turkish
neyse , /nej.ˈse/ , turkish
numaradan , /nu.ma.ra.ˈdan/ , turkish
olman , /oɫ.ˈman/ , turkish
otomatikman , /o.to.ma.tic.ˈman/ , turkish
telefon , /te.le.ˈfon/ , turkish
yani , /jaː.ˈni/ , turkish
yapabilirsin , /ja.pa.bi.ˈlir.sin/ , turkish
yapıyorsun , /ja.ˈpɨ.jon/ , turkish
yaramaz , /ja.ra.ˈmaz/ , turkish
yarın , /ˈja.rɨn/ , turkish
yoksa , /ˈjok.sa/ , turkish
yurt , /ˈjurt/ , turkish
çekiyor , /t̠ʃe.ˈci.joɽ/ , turkish
çekmiyor , /ˈt̠ʃec.mi.joɽ/ , turkish
öyleymiş , /øj.ˈlej.miʃ/ , turkish
'kaw , /ˈkaʊ/ , tagalog
April , /ˈʔei.prɪl/ , tagalog
Dex , /ˈdɛks/ , tagalog
Facebook , /ˈpeis.buk/ , tagalog
Jasper , /ˈd̠ʒæs.pər/ , tagalog
Jester , /ˈd̠ʒɛs.tər/ , tagalog
March , /ˈmɑrt̠ʃ/ , tagalog
advises , /ʔɐd.ˈbaɪ.ses/ , tagalog
alangan , /ʔɐ.lɐ.ˈŋan/ , tagalog
ano , /ʔɐ.ˈnu/ , tagalog
ano-ano , /ʔɐ.ˌnu.ʔɐ.ˈno/ , tagalog
atin , /ˈʔa.ten/ , tagalog
ay , /ˈʔɐi/ , tagalog
ayoko , /ʔɐ.ˈjo.ku/ , tagalog
baboy , /ˈba.boɪ/ , tagalog
barkada , /bɐr.ˈka.da/ , tagalog
bata , /ˈba.taʔ/ , tagalog
bihira , /bi.ˈhi.raʔ/ , tagalog
birthday , /ˈbert.dei/ , tagalog
classmate , /ˈklæs.meit/ , tagalog
daw , /ˈdaʊ/ , tagalog
dito , /ˈdi.tu/ , tagalog
gi-accept , /ɡi.ʔɐ.ˈsep/ , tagalog
giadto , /ɡi.ʔɐd.ˈtoʔ/ , tagalog
graduate , /ˈɡra.d̠ʒu.weit/ , tagalog
ha , /ˈʔa/ , tagalog
hek-hek , /ˈhek.hek/ , tagalog
hello , /hɛ.ˈlou/ , tagalog
hindi , /ʔin.ˈdiʔ/ , tagalog
ikaw , /ʔi.ˈkaʊ/ , tagalog
joke , /ˈd̠ʒok/ , tagalog
ka-graduate , /kɐ.ˈɡra.d̠ʒu.weit/ , tagalog
kagabi , /kɐ.ɡɐ.ˈbe/ , tagalog
kay , /ˈke/ , tagalog
klase , /ˈkla.se/ , tagalog
kulang , /ˈku.laŋ/ , tagalog
kumusta , /ku.mus.ˈta/ , tagalog
lang , /ˈla.ʔaŋ/ , tagalog
loko-loko , /lu.ˌku.lu.ˈko/ , tagalog
lumabas , /lu.mɐ.ˈbas/ , tagalog
marinig , /mɐ.ri.ˈneɡ/ , tagalog
matakot , /mɐ.ˈta.kot/ , tagalog
matanda , /mɐ.tɐn.ˈdaʔ/ , tagalog
maybe , /ˈmei.bi/ , tagalog
mga , /mɐ.ˈŋaʔ/ , tagalog
mhm , /ʔəm.ˌhəm/ , tagalog
minsan , /ˈmin.san/ , tagalog
nabasa , /nɐ.bɐ.ˈsaʔ/ , tagalog
nag-change , /nɐɡ.ˈt̠ʃeind̠ʒ/ , tagalog
nag-status , /nɐɡ.ʔis.ˈta.tus/ , tagalog
naghihintay , /nɐɡ.ˌhi.hin.ˈtaɪ/ , tagalog
naka-text , /nɐ.kɐ.ˈtekst/ , tagalog
oo , /ˈʔo/ , tagalog
oras , /ˈʔo.ras/ , tagalog
pa , /ˈpa/ , tagalog
pangit , /ˈpa.ŋet/ , tagalog
picture , /ˈpɪ.t̠ʃər/ , tagalog
pinakita , /pi.nɐ.ˈki.ta/ , tagalog
profile , /ˈpro.paɪl/ , tagalog
si , /ˈsi/ , tagalog
siguro , /si.ˈɡu.ro/ , tagalog
taga-National , /tɐ.ɡɐ.ˈna.ʃo.nal/ , tagalog
taga-Tubaan , /tɐ.ɡɐ.tu.bɐ.ˈʔan/ , tagalog
tinitingnan , /ti.ˌni.tiŋ.ˈnan/ , tagalog
treatment , /ˈtrit.mənt/ , tagalog
wala , /ʔɐ.ˈlaʔ/ , tagalog
wow , /ˈwaʊ/ , tagalog
ஃபிரைட் , /fi.ɾaiʈ/ , tamil
ஃபெவிகுவிக்க , /fe.ʋi.ku.ʋik.ka/ , tamil
ஃபோனுனு , /foː.nu.nu/ , tamil
அச்சச்சோ , /at̠ʃ.t̠ʃat̠ʃ.t̠ʃoː/ , tamil
அனாற்கலில , /a.naːɾ.ka.li.la/ , tamil
அப்டிப்பட்டவரா , /ap.ʈip.paʈ.ʈa.ʋa.ɾaː/ , tamil
அப்பறன்டி , /ap.pa.ɾan.ʈi/ , tamil
ஆத்துக்காருக்கு , /aːt.tuk.kaː.ɾuk.ku/ , tamil
ஊரான்முட்டு , /uː.ɾaːn.muʈ.ʈu/ , tamil
எனக்காடி , /e.nak.kaː.ʈi/ , tamil
எம்பேச்சலாம் , /em.peːt̠ʃ.t̠ʃa.laːm/ , tamil
ஒட்றதுல்ல , /oʈ.ɾa.tul.la/ , tamil
ஒத்துப்பியா , /ot.tup.pi.jaː/ , tamil
காரக்கொழம்பும் , /kaː.ɾak.ko.ɭam.pum/ , tamil
கெடயாதுடி , /ke.ʈa.jaː.tu.ʈi/ , tamil
கெத்தாடி , /ket.taː.ʈi/ , tamil
கேக்கறேன்டி , /keːk.ka.ɾeːn.ʈi/ , tamil
சாப்டுப்பாரு , /t̠ʃaːp.ʈup.paː.ɾu/ , tamil
சாப்டேன்டி , /t̠ʃaːp.ʈeːn.ʈi/ , tamil
சாம்பாரும் , /t̠ʃaːm.paː.ɾum/ , tamil
சொல்ட்டேனடி , /t̠ʃolʈ.ʈeː.na.ʈi/ , tamil
சொல்றேன்டி , /t̠ʃol.ɾeːn.ʈi/ , tamil
சொல்லணுமா , /t̠ʃol.la.ɳu.maː/ , tamil
சௌரியமா , /t̠ʃau.ɾi.ja.maː/ , tamil
ஜாக்கிரயா , /d̠ʒaːk.ki.ɾa.jaː/ , tamil
தப்பாயிடும் , /tap.paː.ji.ʈum/ , tamil
திட்டிட்டேன்டி , /tiʈ.ʈiʈ.ʈeːn.ʈi/ , tamil
தெரியுதாடி , /te.ɾi.ju.taː.ʈi/ , tamil
தொடப்பக்கட்டலயே , /to.ʈap.pak.kaʈ.ʈa.la.jeː/ , tamil
தொட்டுக்குறதுக்கு , /toʈ.ʈuk.ku.ɾa.tuk.ku/ , tamil
பண்ட்டியாடி , /paɳʈ.ʈi.jaː.ʈi/ , tamil
பத்துரூபானு , /pat.tu.ɾuː.paː.nu/ , tamil
பரவால்லடி , /pa.ɾa.ʋaːl.la.ʈi/ , tamil
பாத்தியாடி , /paːt.ti.jaː.ʈi/ , tamil
பாரீஸ்ல , /paː.ɾiːs.la/ , tamil
பார்றி , /paːɾ.ɾi/ , tamil
புரியலடி , /pu.ɾi.ja.la.ʈi/ , tamil
பேசிகிட்டுருக்க , /peː.t̠ʃi.kiʈ.ʈu.ɾuk.ka/ , tamil
பேசுறதுன்னே , /peː.t̠ʃu.ɾa.tun.neː/ , tamil
போய்ட்ருக்கேனா , /poːjʈ.ɾuk.keː.naː/ , tamil
மதியானாமா , /ma.ti.jaː.naː.maː/ , tamil
மறக்கிறது , /ma.ɾak.ki.ɾa.tu/ , tamil
மாட்டாங்கடி , /maːʈ.ʈaːŋ.ka.ʈi/ , tamil
மாமனார , /maː.ma.naː.ɾa/ , tamil
மாறியாடி , /maː.ɾi.jaː.ʈi/ , tamil
மூதேவி , /muː.teː.ʋi/ , tamil
யாருதுனாவது , /jaː.ɾu.tu.naː.ʋa.tu/ , tamil
ராஸ்கல் , /ɾaːs.kal/ , tamil
லிப்ஸ்டிக் , /lips.ʈik/ , tamil
வரமாட்டேன்ட்டாரு , /ʋa.ɾa.maːʈ.ʈeːnʈ.ʈaː.ɾu/ , tamil
வாங்காதடினு , /ʋaːŋ.kaː.ta.ʈi.nu/ , tamil
வெத்துவேட்டா , /ʋet.tu.ʋeːʈ.ʈaː/ , tamil
வெளாயாடிகிட்டு , /ʋe.ɭaː.jaː.ʈi.kiʈ.ʈu/ , tamil
வேணும்டி , /ʋeː.ɳum.ʈi/ , tamil
ஃபோனா , /foː.naː/ , tamil
ஃபோன் , /foːn/ , tamil
அப்டியா , /ap.ʈi.jaː/ , tamil
அப்டிலாம் , /ap.ʈi.laːm/ , tamil
ஆமா , /aː.maː/ , tamil
ஆமான்டி , /aː.maːn.ʈi/ , tamil
ஆஹ் , /aːh/ , tamil
இதெல்லாம் , /i.tel.laːm/ , tamil
இருக்க , /i.ɾuk.ka/ , tamil
இருக்கலாம் , /i.ɾuk.ka.laːm/ , tamil
இருக்கா , /i.ɾuk.kaː/ , tamil
இருக்குன்னு , /i.ɾuk.kun.nu/ , tamil
இல்லப்பா , /il.lap.paː/ , tamil
இல்லையா , /il.lai.jaː/ , tamil
எனக்கு , /e.nak.ku/ , tamil
என்னது , /en.na.tu/ , tamil
எல்லாமே , /el.laː.meː/ , tamil
ஏன்டி , /eːn.ʈi/ , tamil
ஐய்யய்யோ , /aij.jai.joː/ , tamil
கவலைப்படாத , /ka.ʋa.laip.pa.ʈaː.ta/ , tamil
காட்ல , /kaːʈ.la/ , tamil
காரக்கொழம்பு , /kaː.ɾak.ko.ɭam.pu/ , tamil
கேக்குதா , /keːk.ku.taː/ , tamil
கேக்குற , /keːk.ku.ɾa/ , tamil
சரி , /t̠ʃa.ɾi/ , tamil
சாப்ட , /t̠ʃaːp.ʈa/ , tamil
சாப்டா , /saːp.ʈaː/ , tamil
சாப்டியா , /saːp.ʈi.jaː/ , tamil
சாப்டுட்டு , /t̠ʃaːp.ʈuʈ.ʈu/ , tamil
சாப்டுறதுக்கு , /t̠ʃaːp.ʈu.ɾa.tuk.ku/ , tamil
சாப்டேன் , /saːp.ʈeːn/ , tamil
சொல்ற , /t̠ʃol.ɾa/ , tamil
சொல்றதுக்கு , /t̠ʃol.ɾa.tuk.ku/ , tamil
சொல்லிட்டேன் , /t̠ʃol.liʈ.ʈeːn/ , tamil
சொல்லிருக்கேன் , /t̠ʃol.li.ɾuk.keːn/ , tamil
தாண்டி , /taːɳ.ʈi/ , tamil
தான் , /taːn/ , tamil
தான்டி , /taːn.ʈi/ , tamil
தி_நகர்ல , /ti na.kaɾ.la/ , tamil
தெரிமா , /te.ɾi.maː/ , tamil
தெரியுமே , /te.ɾi.ju.meː/ , tamil
நீங்களும் , /niːŋ.ka.ɭum/ , tamil
நெனச்சேன் , /ne.nat̠ʃ.t̠ʃeːn/ , tamil
பண்ணிருக்காங்க , /paɳ.ɳi.ɾuk.kaːŋ.ka/ , tamil
பரவால்ல , /pa.ɾa.ʋaːl.la/ , tamil
புரியல , /pu.ɾi.ja.la/ , tamil
பேசாத , /peː.t̠ʃaː.ta/ , tamil
பேசுறேன் , /peː.t̠ʃu.ɾeːn/ , tamil
போயிட்டிருக்கேன் , /poː.jiʈ.ʈi.ɾuk.keːn/ , tamil
போற , /poː.ɾa/ , tamil
ரொம்ப , /ɾom.pa/ , tamil
லூஸ் , /luːs/ , tamil
வந்துட்டாங்க , /ʋan.tuʈ.ʈaːŋ.ka/ , tamil
வந்துட்டேன் , /ʋan.tuʈ.ʈeːn/ , tamil
வேணாம்டி , /ʋeː.ɳaːm.ʈi/ , tamil
வேண்டியதான , /ʋeːɳ.ʈi.ja.taː.na/ , tamil
Murder , /ˈmɜ.da/ , zulu
Njekshini , /nd̠ʒeɠ.ˈʃi.ni/ , zulu
abaseGoli , /a.ɓa.sɜ.ˈɡo.li/ , zulu
akabambe , /a.ɠa.ˈɓa.mbe/ , zulu
akuzamele , /a.ɠu.za.ˈmɜ.le/ , zulu
amaSuzu , /a.ma.ˈsu.zu/ , zulu
amakati , /a.ma.ˈɠa.tʼi/ , zulu
angeke , /a.ˈŋɡɜ.ɠe/ , zulu
angikhulumisa , /a.ŋɡi.kʰu.lu.ˈmi.sa/ , zulu
angimazi , /a.ŋɡi.ˈma.zi/ , zulu
anginamoya , /a.ŋɡi.na.ˈmɔ.ja/ , zulu
angisamufuni , /a.ŋɡi.sa.mu.ˈfu.ni/ , zulu
angisazi , /a.ŋɡi.ˈsa.zi/ , zulu
angsimugcwali , /a.ŋɡi.si.mu.ˈɡǀʱwa.li/ , zulu
ashintshe , /a.ˈʃi.nt̠ʃʼe/ , zulu
asikhulume , /a.si.kʰu.ˈlu.me/ , zulu
asixoxe , /a.si.ˈkǁɔ.kǁe/ , zulu
awazi , /a.ˈwa.zi/ , zulu
awusheli , /a.wu.ˈʃe.li/ , zulu
ayithengile , /a.ji.tʰe.ˈŋɡi.le/ , zulu
baseGoli , /ɓa.sɜ.ˈɡo.li/ , zulu
bengimgcwele , /ɓe.ŋɡi.ˈmɡǀʱwɜ.le/ , zulu
benza , /ˈɓɜ.nza/ , zulu
eGoli , /ɜ.ˈɡo.li/ , zulu
eMaritzburg , /ɜ.ma.ˈlitʼz.ɓulɡ/ , zulu
ebaXo , /ɜ.ˈɓa.kǁo/ , zulu
ematekisini , /ɜ.ma.tʼe.ɠi.ˈsi.ni/ , zulu
emateksini , /ɜ.ma.tʼe.ˈɠsi.ni/ , zulu
ethroweni , /ɜ.tʼlɔ.ˈwe.ni/ , zulu
eyiyona , /e.ji.ˈjɔ.na/ , zulu
eyodwa , /ɜ.ˈjɔ.dwa/ , zulu
ezosho , /ɜ.ˈzɔ.ʃo/ , zulu
hawu , /ˈɦa.wu/ , zulu
hayi , /a.ˈji/ , zulu
hhayi , /ˈɦa.ji/ , zulu
inetwork , /i.nɜ.tʰi.ˈwɜ.kʰi/ , zulu
isekeni , /i.sɜ.ˈɠe.ni/ , zulu
isikrebha , /i.si.ˈkʼlɜ.ba/ , zulu
izolo , /i.ˈzɔ.lo/ , zulu
izozinqamukela , /i.zo.zi.nkǃa.mu.ˈɠɜ.la/ , zulu
kanti , /ˈɠa.ntʼi/ , zulu
khuluma , /ˈkʰu.lu.ma/ , zulu
kunocwaningo , /ɠu.nɔ.kǀwa.ˈni.ŋɡo/ , zulu
kusasowumuntu , /ɠu.sa.so.wu.ˈmu.ntʼu/ , zulu
kuyafana , /ɠu.ˈja.fa.na/ , zulu
kuye , /ˈɠu.je/ , zulu
kwenye , /ˈɠwɜ.ɲe/ , zulu
lalela , /la.ˈlɜ.la/ , zulu
lasudukluza , /la.su.du.ˈkxu.za/ , zulu
leyomoto , /lɜ.jɔ.ˈmɔ.tʼo/ , zulu
lezi , /ˈlɜ.zi/ , zulu
lokho , /ˈlɔ.kʰo/ , zulu
longize , /lo.ˈŋɡi.ze/ , zulu
loyo , /ˈlɔ.jo/ , zulu
mangimbona , /ma.ŋɡi.ˈmɓɔ.na/ , zulu
mawumbona , /ma.wu.ˈmɓɔ.na/ , zulu
nalamofana , /na.la.mɔ.ˈfa.na/ , zulu
namanje , /na.ˈma.nd̠ʒe/ , zulu
ngamaprivate , /ŋɡa.ma.pʼla.ji.ˈvɜtʼ/ , zulu
ngaphakathi , /ŋɡa.pʰa.ˈɠa.tʰi/ , zulu
ngimbonile , /ŋɡi.mɓo.ˈni.le/ , zulu
ngimutshele , /ŋɡi.mu.ˈt̠ʃʼɜ.le/ , zulu
nginomuntu , /ŋɡi.no.ˈmu.ntʼu/ , zulu
ngiright , /ŋɡi.ˈʁaj.tʰi/ , zulu
ngisamthanda , /ŋɡi.sa.ˈmtʰa.nda/ , zulu
ngithe , /ˈŋɡi.tʰe/ , zulu
ngiyakuzwa , /ŋɡi.ja.ˈɠu.zwa/ , zulu
ngizomutshela , /ŋɡi.zo.mu.ˈt̠ʃʼɜ.la/ , zulu
ngizozama , /ŋɡi.zɔ.ˈza.ma/ , zulu
ngobani , /ŋɡɔ.ˈɓa.ni/ , zulu
ngomkhuhlane , /ŋɡo.mkʰu.ˈɬa.ne/ , zulu
njeya , /ˈnd̠ʒɜ.ja/ , zulu
nomntwana , /nɔ.ˈmntʼwa.na/ , zulu
ntambama , /ntʼa.ˈmba.ma/ , zulu
number , /ˈna.mba/ , zulu
ohho , /ˈɔ.ɦo/ , zulu
olright , /ˈal.ʁa.ji.tʼi/ , zulu
ombambile , /ɔ.mɓa.ˈmɓi.le/ , zulu
sengiyakubona , /se.ŋɡi.ja.ɠu.ˈɓɔ.na/ , zulu
shabhu , /ˈʃa.bu/ , zulu
sikhulume , /si.kʰu.ˈlu.me/ , zulu
siyaxoxa , /si.ja.ˈkǁɔ.kǁa/ , zulu
siyixoxela , /si.ji.kǁɔ.ˈkǁɜ.la/ , zulu
somfana , /sɔ.ˈmfa.na/ , zulu
suka , /ˈsu.ɠa/ , zulu
uMthabisi , /u.mtʰa.ˈɓi.si/ , zulu
uMthamiz , /u.ˈmtʰa.miz/ , zulu
uNgcebo , /u.ˈŋɡǀʱɜ.ɓo/ , zulu
uNomakula , /u.nɔ.ma.ˈɠu.la/ , zulu
uSthembile , /u.stʰe.ˈmbi.le/ , zulu
uThobani , /u.tʰɔ.ˈɓa.ni/ , zulu
uThys , /ˈutʰjs/ , zulu
ubani , /u.ˈɓa.ni/ , zulu
ucwaningo , /u.kǀwa.ˈni.ŋɡo/ , zulu
udlulisani , /u.ɮu.li.ˈsa.ni/ , zulu
ufunani , /u.fu.ˈna.ni/ , zulu
ukhona , /u.ˈkʰɔ.na/ , zulu
ukumutshela , /u.ɠu.mu.ˈt̠ʃʼɜ.la/ , zulu
ukuthi , /ˈɠu.tʰi/ , zulu
ulokhu , /u.ˈlɔ.kʰu/ , zulu
umkhuhlane , /u.mkʰu.ˈɬa.ne/ , zulu
umutshele , /u.mu.ˈt̠ʃʼɜ.le/ , zulu
ungalenzi , /u.ŋɡa.ˈle.nzi/ , zulu
ungayidrophi , /u.ŋɡa.ji.ˈdlo.pʰi/ , zulu
ungifonela , /u.ŋɡi.fɔ.ˈnɜ.la/ , zulu
ungifonelile , /u.ŋɡi.fɔ.ne.ˈli.le/ , zulu
unokumbona , /u.no.ɠu.ˈmɓɔ.na/ , zulu
unokungifonela , /u.no.ɠu.ŋɡi.fɔ.ˈnɜ.la/ , zulu
uphi , /ˈu.pʰi/ , zulu
uqondile , /u.kǃo.ˈndi.le/ , zulu
usabambile , /u.sa.ɓa.ˈmbi.le/ , zulu
usabheda , /u.sa.ˈbɜ.da/ , zulu
usafundisa , /u.sa.fu.ˈndi.sa/ , zulu
usegqabule , /u.sɜ.ɡǃʱa.ˈɓu.le/ , zulu
usuyahlanya , /u.su.ja.ˈɬa.ɲa/ , zulu
uxakwa , /u.ˈkǁa.ɠwa/ , zulu
uya-organizer , /ˈu.ja ɔ.ɡa.na.ˈji.za/ , zulu
uyabheda , /u.ja.ˈbɜ.da/ , zulu
uyashela , /u.ja.ˈʃɜ.la/ , zulu
uyawathanda , /u.ja.wa.ˈtʰa.nda/ , zulu
uyayizwa , /u.ja.ˈji.zwa/ , zulu
uyazithanda , /u.ja.zi.ˈtʰa.nda/ , zulu
uyezwa , /u.ˈjɜ.zwa/ , zulu
uyisidumbu , /u.ji.si.ˈdu.mɓu/ , zulu
wakaMbedu , /wa.ɠa.ˈmɓe.du/ , zulu
wenzeni , /wɜ.ˈnzɜ.ni/ , zulu
womntanami , /wɔ.mntʼa.ˈna.mi/ , zulu
ya , /ˈja/ , zulu
yazi , /ˈja.zi/ , zulu
yiphi , /ˈji.pʰi/ , zulu
Grigiškėse , /ˈɡrʲɪ.ɡʲɪ.ʃʲkʲeː.sʲɛ/ , lithuanian
Senukuose , /sʲɛ.ˈnʊ.kʊɔ.sʲɛ/ , lithuanian
Sigitas , /sʲɪ.ˈɡʲɪ.tas/ , lithuanian
ai , /ˈaɪ/ , lithuanian
aišku , /ˈaɪ.ʃkʊ/ , lithuanian
akcijas , /ˈɑːk.tsʲɪ.jas/ , lithuanian
alio , /a.ˈlʲoː/ , lithuanian
apalupkę , /a.ˈpɑː.ɫʊpʲ.kʲæː/ , lithuanian
apylinkės , /a.ˈpʲiː.lʲɪnʲ.kʲeːs/ , lithuanian
atsakingas , /at.sa.ˈkʲɪn.ɡas/ , lithuanian
atšlaituos , /at.ˈʃɫaɪ.tʊɔs/ , lithuanian
aštuoniasdešimt , /a.ʃtʊɔ.nʲa.ˈzʲdʲæː.ʃʲɪmt/ , lithuanian
baldžius , /ˈbalʲ.d̠ʒʲʊs/ , lithuanian
betonas , /bʲɛ.ˈtɔ.nas/ , lithuanian
betonuoti , /bʲɛ.tɔ.ˈnʊɔ.tʲɪ/ , lithuanian
birželio , /bʲɪrʲ.ˈʒʲæː.lʲoː/ , lithuanian
bordiūrai , /bɔrʲ.ˈdʲuː.raɪ/ , lithuanian
bruselius , /ˈbrʊ.sʲɛ.lʲʊs/ , lithuanian
daroma , /ˈdɑː.roː.ma/ , lithuanian
devyniasdešimt , /dʲɛ.vʲiː.nʲazʲ.ˈdʲæː.ʃʲɪmt/ , lithuanian
dešimtos , /dʲɛ.ˈʃʲɪm.toːs/ , lithuanian
dienos , /dʲɪe.ˈnoːs/ , lithuanian
direktoriumi , /dʲɪ.ˈrʲɛk.tɔ.rʲʊ.mʲɪ/ , lithuanian
ekskursija , /ɛk.ˈskʊrʲ.sʲɪ.ja/ , lithuanian
ekskursijoj , /ɛk.ˈskʊrʲ.sʲɪ.jɔj/ , lithuanian
europietiška , /ɛʊ.rɔ.ˈpʲɪe.tʲɪ.ʃka/ , lithuanian
fabrike , /ˈfɑː.bʲrʲɪ.kʲɛ/ , lithuanian
fanieros , /fa.ˈnʲɪe.roːs/ , lithuanian
freza , /ˈfʲrʲɛ.za/ , lithuanian
gamina , /ɡa.ˈmʲɪ.na/ , lithuanian
gamykla , /ɡa.ˈmʲiː.kɫa/ , lithuanian
gegužės , /ˈɡʲæː.ɡʊ.ʒʲeːs/ , lithuanian
generaliniu , /ɡʲɛ.nʲɛ.ˈrɑː.lʲɪ.nʲʊ/ , lithuanian
gerai , /ɡʲɛ.ˈraɪ/ , lithuanian
granules , /ˈɡrɑː.nʊ.lʲɛs/ , lithuanian
internete , /ɪnʲ.tʲɛrʲ.ˈnʲɛ.tʲɛ/ , lithuanian
išlygins , /ɪʃʲ.ˈlʲiː.ɡʲɪns/ , lithuanian
išpardavimai , /ɪʃ.par.da.ˈvʲɪ.maɪ/ , lithuanian
išsilygina , /ɪʃʲ.sʲɪ.ˈlʲiː.ɡʲɪ.na/ , lithuanian
išvažiavo , /ɪʃ.va.ˈʒʲɑː.voː/ , lithuanian
kartoną , /kar.ˈtɔ.nɑː/ , lithuanian
kažkokį , /kaʃ.ˈkoː.kʲiː/ , lithuanian
klasiokas , /kɫa.ˈsʲoː.kas/ , lithuanian
labas , /ˈɫɑː.bas/ , lithuanian
laiptus , /ˈɫaɪp.tʊs/ , lithuanian
lentynas , /lʲɛnʲ.ˈtʲiː.nas/ , lithuanian
mašinas , /ma.ʃʲɪ.ˈnas/ , lithuanian
mašinom , /ma.ˈʃʲɪ.nɔm/ , lithuanian
medieną , /mʲɛ.ˈdʲɪe.nɑː/ , lithuanian
medžiagas , /ˈmʲæː.d̠ʒʲa.ɡas/ , lithuanian
medžiagos , /mʲɛ.d̠ʒʲa.ˈɡoːs/ , lithuanian
nelabai , /nʲɛ.ɫa.ˈbaɪ/ , lithuanian
nepadaro , /nʲɛ.pa.ˈdɑː.roː/ , lithuanian
nepriliptų , /nʲɛ.pʲrʲɪ.ˈlʲɪp.tuː/ , lithuanian
nevaikščiojom , /nʲɛ.ˈvaɪk.ʃʲt̠ʃʲoː.jɔm/ , lithuanian
nežinau , /nʲɛ.ʒʲɪ.ˈnaʊ/ , lithuanian
nu , /ˈnʊ/ , lithuanian
nuomoja , /ˈnʊɔ.moː.ja/ , lithuanian
nuvažiavom , /nʊ.va.ˈʒʲɑː.vɔm/ , lithuanian
nuvedimą , /nʊ.vʲɛ.ˈdʲɪ.mɑː/ , lithuanian
ortopedą , /ɔr.tɔ.ˈpʲɛ.dɑː/ , lithuanian
padarysi , /pa.da.ˈrʲiː.sʲɪ/ , lithuanian
padarytų , /pa.da.ˈrʲiː.tuː/ , lithuanian
padėklo , /pa.ˈdʲeː.kɫoː/ , lithuanian
padėklą , /pa.ˈdʲeː.kɫɑː/ , lithuanian
pagaminti , /pa.ɡa.ˈmʲɪnʲ.tʲɪ/ , lithuanian
pasiskambint , /pa.sʲɪ.ˈskamʲ.bʲɪnt/ , lithuanian
paskirtas , /pa.sʲkʲɪr.ˈtas/ , lithuanian
paskui , /ˈpɑː.skʊi/ , lithuanian
patiko , /pa.ˈtʲɪ.koː/ , lithuanian
pats , /ˈpats/ , lithuanian
pavasarį , /pa.ˈvɑː.sa.rʲiː/ , lithuanian
penki , /pʲɛnʲ.ˈkʲɪ/ , lithuanian
pirmadienį , /pʲɪr.ˈmɑː.dʲɪe.nʲiː/ , lithuanian
pirmos , /ˈpʲɪr.moːs/ , lithuanian
plokštės , /ˈpɫoːk.ʃʲtʲeːs/ , lithuanian
plėvelę , /pʲlʲeː.ˈvʲæː.lʲæː/ , lithuanian
polikliniką , /pɔ.lʲɪ.ˈklʲɪ.nʲɪ.kɑː/ , lithuanian
popierinius , /poː.pʲɪe.ˈrʲɪ.nʲʊs/ , lithuanian
pradžioj , /pra.ˈd̠ʒʲɔj/ , lithuanian
prieškambary , /ˈpʲrʲɪeʃ.kam.ba.rʲiː/ , lithuanian
programa , /prɔ.ɡra.ˈma/ , lithuanian
rankšluosčius , /ˈrank.ʃɫʊɔ.ʃʲt̠ʃʲʊs/ , lithuanian
remiasi , /ˈrʲæː.mʲa.sʲɪ/ , lithuanian
rytoj , /rʲiː.ˈtɔj/ , lithuanian
sandėliuką , /sanʲ.dʲeː.ˈlʲʊ.kɑː/ , lithuanian
sistema , /sʲɪ.sʲtʲɛ.ˈma/ , lithuanian
specialūs , /sʲpʲɛ.ˈtsʲɑː.ɫuːs/ , lithuanian
spintą , /ˈsʲpʲɪn.tɑː/ , lithuanian
stelažus , /sʲtʲɛ.ˈɫɑː.ʒʊs/ , lithuanian
su , /ˈsʊ/ , lithuanian
susidėti , /sʊ.sʲɪ.dʲeː.ˈtʲɪ/ , lithuanian
susineši , /sʊ.sʲɪ.ˈnʲɛ.ʃʲɪ/ , lithuanian
susipažįsta , /sʊ.sʲɪ.pa.ˈʒʲiː.sta/ , lithuanian
susipirkt , /sʊ.sʲɪ.ˈpʲɪrkt/ , lithuanian
susirgusi , /sʊ.ˈsʲɪr.ɡʊ.sʲɪ/ , lithuanian
svoris , /ˈsvoː.rʲɪs/ , lithuanian
sąmatėlę , /sɑː.ma.ˈtʲeː.lʲæː/ , lithuanian
tambūre , /ˈtam.buː.rʲɛ/ , lithuanian
teisingai , /tʲɛɪ.ˈsʲɪn.ɡaɪ/ , lithuanian
televizija , /tʲɛ.lʲɛ.ˈvʲɪ.zʲɪ.ja/ , lithuanian
traktoriaus , /ˈtrɑːk.toː.rʲaʊs/ , lithuanian
traktorius , /ˈtrɑːk.tɔ.rʲʊs/ , lithuanian
traktorių , /ˈtrɑːk.toː.rʲuː/ , lithuanian
truputėlį , /trʊ.pʊ.ˈtʲeː.lʲiː/ , lithuanian
tualetinį , /tʊ.a.ˈlʲɛ.tʲɪ.nʲiː/ , lithuanian
turėsiu , /tʊ.ˈrʲeː.sʲʊ/ , lithuanian
tvarkinga , /tvarʲ.ˈkʲɪn.ɡa/ , lithuanian
tvarką , /ˈtvar.kɑː/ , lithuanian
užsilaikėm , /ʊʃʲ.sʲɪ.ˈɫaɪ.kʲeːm/ , lithuanian
užsimaišai , /ʊʃʲ.sʲɪ.maɪ.ˈʃaɪ/ , lithuanian
užsirašyt , /ʊʃʲ.sʲɪ.ra.ˈʃʲiːt/ , lithuanian
užsiregistruot , /ʊʃʲ.sʲɪ.rʲɛ.ɡʲɪ.ˈstrʊɔt/ , lithuanian
vaikiška , /ˈvaɪ.kʲɪ.ʃka/ , lithuanian
vaikščiojom , /ˈvaɪk.ʃʲt̠ʃʲoː.jɔm/ , lithuanian
valanda , /ˈvɑː.ɫan.da/ , lithuanian
valandas , /ˈvɑː.ɫan.das/ , lithuanian
valandos , /va.ɫan.ˈdoːs/ , lithuanian
valandą , /ˈvɑː.ɫan.dɑː/ , lithuanian
vedžiojo , /vʲɛ.ˈd̠ʒʲoː.joː/ , lithuanian
vienam , /vʲɪe.ˈnam/ , lithuanian
vienas , /vʲɪe.ˈnas/ , lithuanian
visi , /vʲɪ.ˈsʲɪ/ , lithuanian
viskas , /ˈvʲɪs.kas/ , lithuanian
įsivaizduoju , /iː.sʲɪ.vaɪ.ˈzdʊɔ.jʊ/ , lithuanian
įvairias , /iː.vaɪ.ˈrʲas/ , lithuanian
šiandien , /ˈʃʲanʲ.dʲɪen/ , lithuanian
šita , /ˈʃʲɪ.ta/ , lithuanian
šulinukus , /ʃʊ.lʲɪ.ˈnʊ.kʊs/ , lithuanian
švaru , /ʃva.ˈrʊ/ , lithuanian
švarumo , /ʃva.ˈrʊ.moː/ , lithuanian
žinau , /ʒʲɪ.ˈnaʊ/ , lithuanian
žiūrėjom , /ʒʲuː.ˈrʲeː.jɔm/ , lithuanian
žolytę , /ʒoː.ˈlʲiː.tʲæː/ , lithuanian
Cinthia-ko , /ˈsĩ.ntja.ko/ , guarani
Hospital , /os.pi.ˈtal/ , guarani
Martita-pe , /mãɾ.ˈti.ta.pe/ , guarani
camping-kuéra , /ˌkãm.pĩ.ˈkwe.ɾa/ , guarani
deúda , /ˈdew.ða/ , guarani
dirihentekuéra , /di.ɾi.ˌxẽn.teh.ˈkwe.ɾa/ , guarani
dirihentekuérape , /di.ɾi.ˌxẽn.teh.ˈkwe.ɾa.pe/ , guarani
ipyahupaiténgo , /i.pɨ.a.hu.paj.ˈte.ŋɡo/ , guarani
japagapaite , /d̠ʒa.pa.ˌɣa.paj.ˈte/ , guarani
japrojekta , /d̠ʒa.pɾo.ʝek.ˈta/ , guarani
kampamentorã , /kãm.pã.ˌmẽn.to.ˈɾã/ , guarani
kampaménto , /kãm.pã.ˈmẽn.to/ , guarani
kapasitasiõ'i , /ka.pa.si.ta.ˌsjõ.ˈʔi/ , guarani
kapelukuéra , /ka.pe.lu.ˈkwe.ɾa/ , guarani
konsúmo , /kõn.ˈsũ.mõ/ , guarani
napenavéintema , /nã.pẽ.ˌnã.ˈvej.ntẽ.mã/ , guarani
nasionalrã , /nã.sjõ.ˌnãl.ˈɾã/ , guarani
ndohovéingo , /ndo.ho.ˈvej.ŋɡo/ , guarani
ndoroguerekóiva , /ndo.ɾo.ɾe.ˈkoj.va/ , guarani
ochentakuéra , /o.ˌʃẽ.ntã.ˈkwe.ɾa/ , guarani
odominaiterei , /o.ðõ.mĩ.ˌnãj.te.ɾe.ˈi/ , guarani
orefelisita , /o.ɾe.fe.li.si.ˈta/ , guarani
oñedominaukaiterei , /õ.ɲẽ.ðõ.mĩ.ˌnã.kaj.te.ɾe.ˈi/ , guarani
patronalrã , /pa.tʂõ.ˌnãl.ˈɾã/ , guarani
petisa'i , /pe.ˌti.sa.ˈʔi/ , guarani
roga'ikuéra , /ɾo.ɰa.ʔi.ˈkwe.ɾa/ , guarani
roiporuka , /ɾoj.po.ɾu.ˈka/ , guarani
rojo'o , /ɾo.d̠ʒo.ˈʔo/ , guarani
rokonektapáma , /ɾo.kõ.nẽk.ˌta.ˈpa.mã/ , guarani
rokonektauka , /ɾo.kõ.nẽh.ˌta.ˈka/ , guarani
ropinta , /ɾo.pĩn.ˈta/ , guarani
roñerreuníta , /ɾõ.ɲẽ.rẽw.ˈnĩ.ta/ , guarani
rretáso , /re.ˈta.so/ , guarani
sosiokuéra , /ˌso.sjoh.ˈkwe.ɾa/ , guarani
ñakumpli , /ɲã.kũm.ˈpli/ , guarani
ñañembyaty , /ɲã.ɲẽ.mbɨ.a.ˈtɨ/ , guarani
Gabi , /ˈɡa.βi/ , guarani
ahendu , /a.hẽ.ˈndu/ , guarani
ajerure , /a.d̠ʒe.ɾu.ˈɾe/ , guarani
ajuda , /a.d̠ʒu.ˈða/ , guarani
amo , /ã.ˈmõɾ/ , guarani
amoite , /ã.mõj.ˈte/ , guarani
che , /ˈʃe/ , guarani
domíngo , /dõ.ˈmĩŋ.ɡo/ , guarani
ehpektakula , /ˌʔes.pek.ta.ku.ˈlaɾ/ , guarani
ekonsegi , /e.kõn.se.ˈɣi/ , guarani
grúpo , /ˈɡɾu.po/ , guarani
guare , /ɰwa.ˈɾe/ , guarani
ha , /ˈha/ , guarani
ha'e , /ha.ˈʔe/ , guarani
haguére , /ha.ˈɰwe.ɾe/ , guarani
hag̃uáicha , /hã.ˈɰ̃wãj.ʃã/ , guarani
hendivekuéra , /hẽ.ndi.e.ˈkwe.ɾa/ , guarani
hikuái , /hi.ˈkwej/ , guarani
hína , /ˌʔi.nã/ , guarani
hẽe , /hẽ.ˈe/ , guarani
ipochy , /i.po.ˈʃɨ/ , guarani
jaarregla , /d̠ʒa.re.ˈɣla/ , guarani
jahechátako , /d̠ʒa.he.ˈʃa.ta.ko/ , guarani
ko , /ˈko/ , guarani
ko'ápe , /ko.ˈʔa.pe/ , guarani
ku , /ˈku/ , guarani
kómo , /ˈko.mõ/ , guarani
la , /ˈla/ , guarani
mba'eteko , /mba.ʔe.te.ˈko/ , guarani
mitãnguéra , /mĩ.tã.ˈŋɡwe.ɾa/ , guarani
mokõivéva , /mõ.kõj.ˈve.a/ , guarani
nachemandu'ái , /nã.ʃẽ.mã.ndu.ˈʔaj/ , guarani
ndaikuaaimi , /ndaj.kwa.ãj.ˈmĩ/ , guarani
ndoavisái , /ndo.a.βi.ˈsaj/ , guarani
oguerekopa , /o.ɾe.ko.ˈpa/ , guarani
omakanea , /õ.mã.kã.nẽ.ˈa/ , guarani
ovy'aiterei , /o.ɨ.ʔaj.te.ɾe.ˈi/ , guarani
pe , /ˈpe/ , guarani
peteĩ , /pẽ.tẽ.ˈĩ/ , guarani
péro , /ˈpe.ɾo/ , guarani
pórke , /ˈpoɾ.ke/ , guarani
roguereko , /ɾo.ɾe.ˈko/ , guarani
romopotĩ , /ɾõ.mõ.põ.ˈtĩ/ , guarani
rrúvia , /ˈru.βja/ , guarani
siénto , /ˈsjẽn.to/ , guarani
upéicha , /ˈpej.ʃa/ , guarani
upéva , /ˈpe.va/ , guarani
upévare , /ˈpe.va.ɾe/ , guarani
veintisínko , /bejn.ti.ˈsĩŋ.ko/ , guarani
veínte , /ˈbejn.te/ , guarani
visíta , /bi.ˈsi.ta/ , guarani
y , /ˈʔɨ/ , guarani
ñande , /ɲã.ˈnẽ/ , guarani
ñañemongeta , /ɲã.ɲẽ.mõ.ŋɡe.ˈta/ , guarani
Chineke , /t̠ʃi.ne.ke/ , igbo
achara , /a.t̠ʃa.la/ , igbo
ahia , /a.ɥʲa/ , igbo
ahu , /a.ɥ̃ʊ/ , igbo
aka , /a.kʰa/ , igbo
anyi , /a.ɲɪ/ , igbo
asii , /a.ʃɪ.ɪ/ , igbo
asina , /a.ʃɪ.na/ , igbo
asusu , /a.sʊ.sʊ/ , igbo
bu , /bu/ , igbo
bula , /bʊ.na/ , igbo
ebiele , /e.bi.e.le/ , igbo
ee , /e.e/ , igbo
ehee , /e.ɥe.e/ , igbo
emeriela , /e.me.rʲe.la/ , igbo
ga-ekelechara , /ɡa.e.ke.le.t̠ʃa.ra/ , igbo
ga-isu , /ɡa.ɪ.sʊ/ , igbo
gbo , /ɡbo/ , igbo
ka , /ka/ , igbo
kelekwara , /kɛ.lɛ.kʷa.ɾa/ , igbo
laruokwala , /la.ru.o.kʷa.la/ , igbo
lawakwaranu , /la.wa.kʷa.ra.nʊ/ , igbo
lawara , /na.ba.ɾa/ , igbo
maa , /ma.a/ , igbo
maazi , /ma.a.zɪ/ , igbo
maka , /ma.ka/ , igbo
mmiri , /m̩.mi.li/ , igbo
n'anya , /na.ɲa/ , igbo
n'ekwenti , /nɛ.kʷɛ.n̩.tɪ/ , igbo
n'obodo , /no.bo.do/ , igbo
na , /na/ , igbo
na-ekuru , /na.e.ku.ru/ , igbo
na-eterekwanu , /na.e.te.re.kʷa.nʊ/ , igbo
ndaa , /n̩.da.a/ , igbo
ndi , /n̩.di/ , igbo
ngwa , /n̩.ɡʷʰa/ , igbo
nri , /n̩.ri/ , igbo
nsogbu , /n̩.so.ɓu/ , igbo
nwezi , /ŋʷe.zi/ , igbo
o , /ɔ/ , igbo
ocha , /o.t̠ʃa/ , igbo
onye , /ɔ.ɲe/ , igbo
onyeisi , /o.ɲe.i.ʃi/ , igbo
umu , /u.mu/ , igbo
ututu , /ʊ.ʔʊ.ʔʊ/ , igbo
weenaaniya , /we.e.na.a.nɪ.ja/ , igbo
weenaniya , /we.e.na.nɪ.ja/ , igbo
